chi_square,cipher,corr_d,corr_h,corr_v,cpa_score,entropy,image,image_kind,image_size,key_sensitivity,kpa_score,mode,npcr,repeat,run_id,uaci
47234.3,logistic_xor,0.00491838,-0.0399573,0.00912204,1,7.97154,images/datasets/real/kodak/kodim01.png,real_kodim01,,99.3863,1,full,8.47711e-05,1,full__real_kodim01__rep1,3.32435e-07
47184.3,logistic_permute_xor,-0.0020157,-0.00562911,0.00132269,0.00807868,7.9716,images/datasets/real/kodak/kodim01.png,real_kodim01,,99.5766,0.999998,full,8.47711e-05,1,full__real_kodim01__rep1,3.32435e-07
47265.4,arnold_xor,0.00634482,-0.0335023,0.0081113,0.173266,7.97152,images/datasets/real/kodak/kodim01.png,real_kodim01,,99.3863,1,full,8.47711e-05,1,full__real_kodim01__rep1,3.32435e-07
47056.3,tiled_arnold_xor,0.00657521,-0.029203,0.00734516,0.0236994,7.97167,images/datasets/real/kodak/kodim01.png,real_kodim01,,99.3863,1,full,8.47711e-05,1,full__real_kodim01__rep1,3.32435e-07
296.306,tent_block_xor,5.68848e-05,-0.001525,0.0020617,1,7.99982,images/datasets/real/kodak/kodim01.png,real_kodim01,,99.6234,1,full,8.47711e-05,1,full__real_kodim01__rep1,3.32435e-07
18630.7,sine_xor,0.039083,0.0457673,0.0442007,1,7.98853,images/datasets/real/kodak/kodim01.png,real_kodim01,,99.3009,1,full,8.47711e-05,1,full__real_kodim01__rep1,3.32435e-07
21690,coupled_lattice_xor,0.104015,0.0892393,0.111131,1,7.98665,images/datasets/real/kodak/kodim01.png,real_kodim01,,99.4091,1,full,8.47711e-05,1,full__real_kodim01__rep1,3.32435e-07
26752.3,hamiltonian_lattice_xor,0.00148602,-0.01797,0.000586045,1,7.98393,images/datasets/real/kodak/kodim01.png,real_kodim01,,99.5316,1,full,8.47711e-05,1,full__real_kodim01__rep1,3.32435e-07
248.319,chaotic_seed_blake3_xor,-0.0025843,-0.000890119,0.000303334,1,7.99985,images/datasets/real/kodak/kodim01.png,real_kodim01,,99.608,1,full,8.47711e-05,1,full__real_kodim01__rep1,3.32435e-07
277.771,aes_ctr,-0.000108225,0.0029404,0.000413275,1,7.99983,images/datasets/real/kodak/kodim01.png,real_kodim01,,99.6112,1,full,8.47711e-05,1,full__real_kodim01__rep1,3.32435e-07
252.401,chacha20,0.000819013,0.000432283,0.00114948,1,7.99985,images/datasets/real/kodak/kodim01.png,real_kodim01,,99.6203,1,full,8.47711e-05,1,full__real_kodim01__rep1,3.32435e-07
24554.9,logistic_xor,-6.89943e-05,-0.0516916,0.00437959,1,7.98569,images/datasets/real/kodak/kodim02.png,real_kodim02,,99.3863,1,full,8.47711e-05,1,full__real_kodim02__rep1,3.32435e-07
24244.5,logistic_permute_xor,-0.00202657,-0.0457506,0.00423536,0.0358793,7.98584,images/datasets/real/kodak/kodim02.png,real_kodim02,,99.5563,0.999998,full,8.47711e-05,1,full__real_kodim02__rep1,3.32435e-07
24193.6,arnold_xor,0.00173899,-0.0507461,0.00548589,0.195043,7.98588,images/datasets/real/kodak/kodim02.png,real_kodim02,,99.3863,1,full,8.47711e-05,1,full__real_kodim02__rep1,3.32435e-07
24739.2,tiled_arnold_xor,0.000761794,-0.050234,0.00372934,0.0622813,7.98558,images/datasets/real/kodak/kodim02.png,real_kodim02,,99.3863,1,full,8.47711e-05,1,full__real_kodim02__rep1,3.32435e-07
288.736,tent_block_xor,-0.00114275,-0.0020836,-0.00129106,1,7.99982,images/datasets/real/kodak/kodim02.png,real_kodim02,,99.6234,1,full,8.47711e-05,1,full__real_kodim02__rep1,3.32435e-07
154619,sine_xor,0.0203088,-0.124077,0.0202673,1,7.9063,images/datasets/real/kodak/kodim02.png,real_kodim02,,99.3009,1,full,8.47711e-05,1,full__real_kodim02__rep1,3.32435e-07
132730,coupled_lattice_xor,0.0261682,-0.13119,0.029379,1,7.91719,images/datasets/real/kodak/kodim02.png,real_kodim02,,99.4091,1,full,8.47711e-05,1,full__real_kodim02__rep1,3.32435e-07
13482.8,hamiltonian_lattice_xor,-0.0013183,0.00439335,0.00359042,1,7.99187,images/datasets/real/kodak/kodim02.png,real_kodim02,,99.5316,1,full,8.47711e-05,1,full__real_kodim02__rep1,3.32435e-07
244.852,chaotic_seed_blake3_xor,0.00368212,0.000997998,0.000348787,1,7.99985,images/datasets/real/kodak/kodim02.png,real_kodim02,,99.608,1,full,8.47711e-05,1,full__real_kodim02__rep1,3.32435e-07
260.031,aes_ctr,-0.00275003,0.000542551,0.00239262,1,7.99984,images/datasets/real/kodak/kodim02.png,real_kodim02,,99.6112,1,full,8.47711e-05,1,full__real_kodim02__rep1,3.32435e-07
315.527,chacha20,0.000509753,0.00121884,0.000122443,1,7.99981,images/datasets/real/kodak/kodim02.png,real_kodim02,,99.6203,1,full,8.47711e-05,1,full__real_kodim02__rep1,3.32435e-07
25635.3,logistic_xor,0.00480864,-0.0461585,0.00832558,1,7.9844,images/datasets/real/kodak/kodim03.png,real_kodim03,,99.3863,1,full,8.47711e-05,1,full__real_kodim03__rep1,3.32435e-07
25256.4,logistic_permute_xor,0.000513071,-0.0126189,0.000846881,0.00927226,7.98461,images/datasets/real/kodak/kodim03.png,real_kodim03,,99.5878,0.999998,full,8.47711e-05,1,full__real_kodim03__rep1,3.32435e-07
25453.4,arnold_xor,0.00799348,-0.0461496,0.00678496,0.174949,7.98451,images/datasets/real/kodak/kodim03.png,real_kodim03,,99.3863,1,full,8.47711e-05,1,full__real_kodim03__rep1,3.32435e-07
25534.7,tiled_arnold_xor,0.00653049,-0.0446747,0.00726343,0.0747367,7.98446,images/datasets/real/kodak/kodim03.png,real_kodim03,,99.3863,1,full,8.47711e-05,1,full__real_kodim03__rep1,3.32435e-07
337.156,tent_block_xor,-0.00137488,-0.00234362,0.00230157,1,7.99979,images/datasets/real/kodak/kodim03.png,real_kodim03,,99.6234,1,full,8.47711e-05,1,full__real_kodim03__rep1,3.32435e-07
31357.1,sine_xor,0.0609699,0.0592008,0.0610386,1,7.98086,images/datasets/real/kodak/kodim03.png,real_kodim03,,99.3009,1,full,8.47711e-05,1,full__real_kodim03__rep1,3.32435e-07
66384,coupled_lattice_xor,0.126677,0.0767096,0.123814,1,7.9593,images/datasets/real/kodak/kodim03.png,real_kodim03,,99.4091,1,full,8.47711e-05,1,full__real_kodim03__rep1,3.32435e-07
13326.6,hamiltonian_lattice_xor,-9.13942e-05,-0.0174211,0.00289319,1,7.99187,images/datasets/real/kodak/kodim03.png,real_kodim03,,99.5316,1,full,8.47711e-05,1,full__real_kodim03__rep1,3.32435e-07
236.935,chaotic_seed_blake3_xor,-6.64974e-05,0.000261342,0.00204661,1,7.99986,images/datasets/real/kodak/kodim03.png,real_kodim03,,99.608,1,full,8.47711e-05,1,full__real_kodim03__rep1,3.32435e-07
240.893,aes_ctr,-0.00038633,0.000495377,-0.000480958,1,7.99985,images/datasets/real/kodak/kodim03.png,real_kodim03,,99.6112,1,full,8.47711e-05,1,full__real_kodim03__rep1,3.32435e-07
283.271,chacha20,0.00210676,0.0017999,-0.000187296,1,7.99983,images/datasets/real/kodak/kodim03.png,real_kodim03,,99.6203,1,full,8.47711e-05,1,full__real_kodim03__rep1,3.32435e-07
22705.7,logistic_xor,0.00336528,-0.0462398,0.00651086,1,7.98607,images/datasets/real/kodak/kodim04.png,real_kodim04,,99.3863,1,full,8.47711e-05,1,full__real_kodim04__rep1,3.32435e-07
21756.6,logistic_permute_xor,-0.00250409,-0.0207269,0.00293267,0.00818634,7.98664,images/datasets/real/kodak/kodim04.png,real_kodim04,,99.5845,0.999998,full,8.47711e-05,1,full__real_kodim04__rep1,3.32435e-07
22126.9,arnold_xor,0.00563739,-0.0435194,0.00709844,0.17303,7.98643,images/datasets/real/kodak/kodim04.png,real_kodim04,,99.3863,1,full,8.47711e-05,1,full__real_kodim04__rep1,3.32435e-07
22284.6,tiled_arnold_xor,0.00374022,-0.0423923,0.00697423,0.0361701,7.98633,images/datasets/real/kodak/kodim04.png,real_kodim04,,99.3863,1,full,8.47711e-05,1,full__real_kodim04__rep1,3.32435e-07
263.823,tent_block_xor,-0.000182325,0.000113061,0.000450365,1,7.99984,images/datasets/real/kodak/kodim04.png,real_kodim04,,99.6234,1,full,8.47711e-05,1,full__real_kodim04__rep1,3.32435e-07
21772.3,sine_xor,0.0509381,-0.00566455,0.0548116,1,7.9866,images/datasets/real/kodak/kodim04.png,real_kodim04,,99.3009,1,full,8.47711e-05,1,full__real_kodim04__rep1,3.32435e-07
39783.6,coupled_lattice_xor,0.110515,0.0417214,0.113618,1,7.97553,images/datasets/real/kodak/kodim04.png,real_kodim04,,99.4091,1,full,8.47711e-05,1,full__real_kodim04__rep1,3.32435e-07
12959.5,hamiltonian_lattice_xor,-0.00013772,-0.0113793,0.00275005,1,7.99207,images/datasets/real/kodak/kodim04.png,real_kodim04,,99.5316,1,full,8.47711e-05,1,full__real_kodim04__rep1,3.32435e-07
219.332,chaotic_seed_blake3_xor,0.00178253,0.00139075,-0.000496786,1,7.99987,images/datasets/real/kodak/kodim04.png,real_kodim04,,99.608,1,full,8.47711e-05,1,full__real_kodim04__rep1,3.32435e-07
248.116,aes_ctr,0.00139249,0.00299844,0.000969888,1,7.99985,images/datasets/real/kodak/kodim04.png,real_kodim04,,99.6112,1,full,8.47711e-05,1,full__real_kodim04__rep1,3.32435e-07
295.359,chacha20,0.00121166,0.00161622,-0.00124271,1,7.99982,images/datasets/real/kodak/kodim04.png,real_kodim04,,99.6203,1,full,8.47711e-05,1,full__real_kodim04__rep1,3.32435e-07
7706.2,logistic_xor,0.00495468,-0.0633094,0.00736019,1,7.99531,images/datasets/real/kodak/kodim05.png,real_kodim05,,99.3863,1,full,8.47711e-05,1,full__real_kodim05__rep1,3.32435e-07
7646.22,logistic_permute_xor,-0.000737708,-0.0380712,0.000299839,0.00694868,7.99535,images/datasets/real/kodak/kodim05.png,real_kodim05,,99.5969,0.999998,full,8.47711e-05,1,full__real_kodim05__rep1,3.32435e-07
7742.08,arnold_xor,0.00621779,-0.0582329,0.00786116,0.173041,7.99529,images/datasets/real/kodak/kodim05.png,real_kodim05,,99.3863,1,full,8.47711e-05,1,full__real_kodim05__rep1,3.32435e-07
7964.53,tiled_arnold_xor,0.0030995,-0.0567467,0.00597427,0.0158361,7.99516,images/datasets/real/kodak/kodim05.png,real_kodim05,,99.3863,1,full,8.47711e-05,1,full__real_kodim05__rep1,3.32435e-07
256.482,tent_block_xor,0.000653096,-0.00449089,-0.000571236,1,7.99984,images/datasets/real/kodak/kodim05.png,real_kodim05,,99.6234,1,full,8.47711e-05,1,full__real_kodim05__rep1,3.32435e-07
39836.3,sine_xor,0.0888425,0.089262,0.0920412,1,7.97552,images/datasets/real/kodak/kodim05.png,real_kodim05,,99.3009,1,full,8.47711e-05,1,full__real_kodim05__rep1,3.32435e-07
99693.8,coupled_lattice_xor,0.156241,0.139071,0.161684,1,7.93807,images/datasets/real/kodak/kodim05.png,real_kodim05,,99.4091,1,full,8.47711e-05,1,full__real_kodim05__rep1,3.32435e-07
2242.94,hamiltonian_lattice_xor,-4.49745e-05,-0.0151745,0.00340117,1,7.99863,images/datasets/real/kodak/kodim05.png,real_kodim05,,99.5316,1,full,8.47711e-05,1,full__real_kodim05__rep1,3.32435e-07
259.26,chaotic_seed_blake3_xor,-0.00129316,0.00146382,0.0027289,1,7.99984,images/datasets/real/kodak/kodim05.png,real_kodim05,,99.608,1,full,8.47711e-05,1,full__real_kodim05__rep1,3.32435e-07
291.611,aes_ctr,0.000238153,-0.000641691,0.000478718,1,7.99982,images/datasets/real/kodak/kodim05.png,real_kodim05,,99.6112,1,full,8.47711e-05,1,full__real_kodim05__rep1,3.32435e-07
233.249,chacha20,0.00025013,-0.00174448,0.001874,1,7.99986,images/datasets/real/kodak/kodim05.png,real_kodim05,,99.6203,1,full,8.47711e-05,1,full__real_kodim05__rep1,3.32435e-07
19925,logistic_xor,0.00983994,-0.0554248,0.0118724,1,7.9877,images/datasets/real/kodak/kodim06.png,real_kodim06,,99.3863,1,full,8.47711e-05,1,full__real_kodim06__rep1,3.32435e-07
19753.3,logistic_permute_xor,-0.0017267,0.00015155,-0.000235199,0.00952064,7.98779,images/datasets/real/kodak/kodim06.png,real_kodim06,,99.6011,0.999998,full,8.47711e-05,1,full__real_kodim06__rep1,3.32435e-07
20125.6,arnold_xor,0.0107097,-0.0534778,0.0150122,0.175729,7.98756,images/datasets/real/kodak/kodim06.png,real_kodim06,,99.3863,1,full,8.47711e-05,1,full__real_kodim06__rep1,3.32435e-07
20238.3,tiled_arnold_xor,0.013922,-0.0483195,0.0124869,0.0717044,7.98749,images/datasets/real/kodak/kodim06.png,real_kodim06,,99.3863,1,full,8.47711e-05,1,full__real_kodim06__rep1,3.32435e-07
244.615,tent_block_xor,0.00102061,-0.00445703,-0.00314441,1,7.99985,images/datasets/real/kodak/kodim06.png,real_kodim06,,99.6234,1,full,8.47711e-05,1,full__real_kodim06__rep1,3.32435e-07
24839.4,sine_xor,0.0994214,0.113621,0.101144,1,7.98495,images/datasets/real/kodak/kodim06.png,real_kodim06,,99.3009,1,full,8.47711e-05,1,full__real_kodim06__rep1,3.32435e-07
19912.8,coupled_lattice_xor,0.206795,0.196786,0.209929,1,7.98792,images/datasets/real/kodak/kodim06.png,real_kodim06,,99.4091,1,full,8.47711e-05,1,full__real_kodim06__rep1,3.32435e-07
9983.71,hamiltonian_lattice_xor,0.00124051,-0.029064,0.00426384,1,7.99386,images/datasets/real/kodak/kodim06.png,real_kodim06,,99.5316,1,full,8.47711e-05,1,full__real_kodim06__rep1,3.32435e-07
224.451,chaotic_seed_blake3_xor,0.000722462,-0.00283025,0.00315767,1,7.99986,images/datasets/real/kodak/kodim06.png,real_kodim06,,99.608,1,full,8.47711e-05,1,full__real_kodim06__rep1,3.32435e-07
259.445,aes_ctr,0.00033501,0.000445866,1.60679e-05,1,7.99984,images/datasets/real/kodak/kodim06.png,real_kodim06,,99.6112,1,full,8.47711e-05,1,full__real_kodim06__rep1,3.32435e-07
235.644,chacha20,0.00155348,-0.00090685,0.000487284,1,7.99986,images/datasets/real/kodak/kodim06.png,real_kodim06,,99.6203,1,full,8.47711e-05,1,full__real_kodim06__rep1,3.32435e-07
52383.5,logistic_xor,0.00666326,-0.0436841,0.00896509,1,7.96899,images/datasets/real/kodak/kodim07.png,real_kodim07,,99.3863,1,full,8.47711e-05,1,full__real_kodim07__rep1,3.32435e-07
51747.6,logistic_permute_xor,0.0026074,-0.00603379,-0.00150423,0.00980123,7.96937,images/datasets/real/kodak/kodim07.png,real_kodim07,,99.6023,0.999998,full,8.47711e-05,1,full__real_kodim07__rep1,3.32435e-07
51958.5,arnold_xor,0.00700923,-0.0405663,0.00960384,0.175066,7.9692,images/datasets/real/kodak/kodim07.png,real_kodim07,,99.3863,1,full,8.47711e-05,1,full__real_kodim07__rep1,3.32435e-07
51848,tiled_arnold_xor,0.00625367,-0.0383031,0.00700716,0.0556912,7.96928,images/datasets/real/kodak/kodim07.png,real_kodim07,,99.3863,1,full,8.47711e-05,1,full__real_kodim07__rep1,3.32435e-07
296.74,tent_block_xor,-0.00269885,-0.00298108,0.00153808,1,7.99982,images/datasets/real/kodak/kodim07.png,real_kodim07,,99.6234,1,full,8.47711e-05,1,full__real_kodim07__rep1,3.32435e-07
21403.4,sine_xor,0.04478,0.0449961,0.0432186,1,7.98693,images/datasets/real/kodak/kodim07.png,real_kodim07,,99.3009,1,full,8.47711e-05,1,full__real_kodim07__rep1,3.32435e-07
24909.7,coupled_lattice_xor,0.11571,0.0795143,0.117614,1,7.98467,images/datasets/real/kodak/kodim07.png,real_kodim07,,99.4091,1,full,8.47711e-05,1,full__real_kodim07__rep1,3.32435e-07
29634.5,hamiltonian_lattice_xor,-0.00258202,-0.0190376,0.001232,1,7.98238,images/datasets/real/kodak/kodim07.png,real_kodim07,,99.5316,1,full,8.47711e-05,1,full__real_kodim07__rep1,3.32435e-07
273.882,chaotic_seed_blake3_xor,0.000294039,2.96459e-05,0.00382695,1,7.99983,images/datasets/real/kodak/kodim07.png,real_kodim07,,99.608,1,full,8.47711e-05,1,full__real_kodim07__rep1,3.32435e-07
293.243,aes_ctr,-0.00282075,0.00238805,-0.000223383,1,7.99982,images/datasets/real/kodak/kodim07.png,real_kodim07,,99.6112,1,full,8.47711e-05,1,full__real_kodim07__rep1,3.32435e-07
261.056,chacha20,0.00185388,0.00257892,0.000308301,1,7.99984,images/datasets/real/kodak/kodim07.png,real_kodim07,,99.6203,1,full,8.47711e-05,1,full__real_kodim07__rep1,3.32435e-07
11679.2,logistic_xor,0.01008,-0.0505852,0.0131986,1,7.99282,images/datasets/real/kodak/kodim08.png,real_kodim08,,99.3863,1,full,8.47711e-05,1,full__real_kodim08__rep1,3.32435e-07
12008.7,logistic_permute_xor,0.000858476,-0.00381517,-0.000249339,0.00628323,7.99261,images/datasets/real/kodak/kodim08.png,real_kodim08,,99.6146,0.999998,full,8.47711e-05,1,full__real_kodim08__rep1,3.32435e-07
11745.2,arnold_xor,0.00954621,-0.0453346,0.0109413,0.172563,7.99277,images/datasets/real/kodak/kodim08.png,real_kodim08,,99.3863,1,full,8.47711e-05,1,full__real_kodim08__rep1,3.32435e-07
11898.6,tiled_arnold_xor,0.00809615,-0.0396011,0.0119779,0.0217734,7.99268,images/datasets/real/kodak/kodim08.png,real_kodim08,,99.3863,1,full,8.47711e-05,1,full__real_kodim08__rep1,3.32435e-07
317.644,tent_block_xor,-0.00144749,-0.00365651,-0.000327044,1,7.99981,images/datasets/real/kodak/kodim08.png,real_kodim08,,99.6234,1,full,8.47711e-05,1,full__real_kodim08__rep1,3.32435e-07
20067.8,sine_xor,0.114301,0.12268,0.129446,1,7.98772,images/datasets/real/kodak/kodim08.png,real_kodim08,,99.3009,1,full,8.47711e-05,1,full__real_kodim08__rep1,3.32435e-07
21183.8,coupled_lattice_xor,0.217777,0.214263,0.242866,1,7.9871,images/datasets/real/kodak/kodim08.png,real_kodim08,,99.4091,1,full,8.47711e-05,1,full__real_kodim08__rep1,3.32435e-07
6438.99,hamiltonian_lattice_xor,0.000509138,-0.0155716,0.00369265,1,7.99603,images/datasets/real/kodak/kodim08.png,real_kodim08,,99.5316,1,full,8.47711e-05,1,full__real_kodim08__rep1,3.32435e-07
230.71,chaotic_seed_blake3_xor,-0.00047908,0.00160385,0.00215623,1,7.99986,images/datasets/real/kodak/kodim08.png,real_kodim08,,99.608,1,full,8.47711e-05,1,full__real_kodim08__rep1,3.32435e-07
237.551,aes_ctr,-4.89674e-05,0.00249907,0.000429795,1,7.99985,images/datasets/real/kodak/kodim08.png,real_kodim08,,99.6112,1,full,8.47711e-05,1,full__real_kodim08__rep1,3.32435e-07
296.155,chacha20,0.000238116,-0.000890071,-8.18613e-05,1,7.99982,images/datasets/real/kodak/kodim08.png,real_kodim08,,99.6203,1,full,8.47711e-05,1,full__real_kodim08__rep1,3.32435e-07
80173.3,logistic_xor,0.00530495,-0.0464688,0.0105763,1,7.95285,images/datasets/real/kodak/kodim09.png,real_kodim09,,99.3863,1,full,8.47711e-05,1,full__real_kodim09__rep1,3.32435e-07
80464.7,logistic_permute_xor,-0.000340122,-0.00225212,-3.3411e-05,0.00924344,7.95268,images/datasets/real/kodak/kodim09.png,real_kodim09,,99.578,0.999998,full,8.47711e-05,1,full__real_kodim09__rep1,3.32435e-07
80117.1,arnold_xor,0.00820434,-0.0429658,0.00802835,0.174082,7.95292,images/datasets/real/kodak/kodim09.png,real_kodim09,,99.3863,1,full,8.47711e-05,1,full__real_kodim09__rep1,3.32435e-07
80193.4,tiled_arnold_xor,0.0048057,-0.0426221,0.00856258,0.0597933,7.95287,images/datasets/real/kodak/kodim09.png,real_kodim09,,99.3863,1,full,8.47711e-05,1,full__real_kodim09__rep1,3.32435e-07
285.463,tent_block_xor,0.000671326,-0.00132906,-0.000668865,1,7.99983,images/datasets/real/kodak/kodim09.png,real_kodim09,,99.6234,1,full,8.47711e-05,1,full__real_kodim09__rep1,3.32435e-07
33884.4,sine_xor,0.038849,0.0610869,0.0438532,1,7.9801,images/datasets/real/kodak/kodim09.png,real_kodim09,,99.3009,1,full,8.47711e-05,1,full__real_kodim09__rep1,3.32435e-07
19983.4,coupled_lattice_xor,0.117371,0.0821491,0.119964,1,7.98798,images/datasets/real/kodak/kodim09.png,real_kodim09,,99.4091,1,full,8.47711e-05,1,full__real_kodim09__rep1,3.32435e-07
47456.8,hamiltonian_lattice_xor,-0.000151379,-0.0259615,0.00448294,1,7.97211,images/datasets/real/kodak/kodim09.png,real_kodim09,,99.5316,1,full,8.47711e-05,1,full__real_kodim09__rep1,3.32435e-07
225.838,chaotic_seed_blake3_xor,0.00162589,-0.00126591,0.00067844,1,7.99986,images/datasets/real/kodak/kodim09.png,real_kodim09,,99.608,1,full,8.47711e-05,1,full__real_kodim09__rep1,3.32435e-07
269.235,aes_ctr,-9.80611e-05,0.00181286,0.000427998,1,7.99984,images/datasets/real/kodak/kodim09.png,real_kodim09,,99.6112,1,full,8.47711e-05,1,full__real_kodim09__rep1,3.32435e-07
252.371,chacha20,0.00109571,-0.000934717,-0.00183405,1,7.99985,images/datasets/real/kodak/kodim09.png,real_kodim09,,99.6203,1,full,8.47711e-05,1,full__real_kodim09__rep1,3.32435e-07
79319.4,logistic_xor,0.00683596,-0.0433601,0.0106397,1,7.95257,images/datasets/real/kodak/kodim10.png,real_kodim10,,99.3863,1,full,8.47711e-05,1,full__real_kodim10__rep1,3.32435e-07
78625.6,logistic_permute_xor,-0.00146273,-0.0108957,0.00234848,0.00877211,7.95294,images/datasets/real/kodak/kodim10.png,real_kodim10,,99.575,0.999998,full,8.47711e-05,1,full__real_kodim10__rep1,3.32435e-07
78804.9,arnold_xor,0.00729661,-0.044007,0.012108,0.175157,7.95286,images/datasets/real/kodak/kodim10.png,real_kodim10,,99.3863,1,full,8.47711e-05,1,full__real_kodim10__rep1,3.32435e-07
78526.2,tiled_arnold_xor,0.00643795,-0.0386813,0.0112805,0.0480287,7.95302,images/datasets/real/kodak/kodim10.png,real_kodim10,,99.3863,1,full,8.47711e-05,1,full__real_kodim10__rep1,3.32435e-07
322.603,tent_block_xor,-0.000873462,0.000461488,-0.00109288,1,7.9998,images/datasets/real/kodak/kodim10.png,real_kodim10,,99.6234,1,full,8.47711e-05,1,full__real_kodim10__rep1,3.32435e-07
23982.9,sine_xor,0.0362229,0.0733334,0.0417007,1,7.98565,images/datasets/real/kodak/kodim10.png,real_kodim10,,99.3009,1,full,8.47711e-05,1,full__real_kodim10__rep1,3.32435e-07
20307.1,coupled_lattice_xor,0.111541,0.0834325,0.11765,1,7.98784,images/datasets/real/kodak/kodim10.png,real_kodim10,,99.4091,1,full,8.47711e-05,1,full__real_kodim10__rep1,3.32435e-07
42108.3,hamiltonian_lattice_xor,0.00273479,-0.0290155,0.00331102,1,7.97489,images/datasets/real/kodak/kodim10.png,real_kodim10,,99.5316,1,full,8.47711e-05,1,full__real_kodim10__rep1,3.32435e-07
196.291,chaotic_seed_blake3_xor,0.00036114,-0.00315684,-0.00105785,1,7.99988,images/datasets/real/kodak/kodim10.png,real_kodim10,,99.608,1,full,8.47711e-05,1,full__real_kodim10__rep1,3.32435e-07
282.47,aes_ctr,-0.000983838,0.000514176,-0.000631291,1,7.99983,images/datasets/real/kodak/kodim10.png,real_kodim10,,99.6112,1,full,8.47711e-05,1,full__real_kodim10__rep1,3.32435e-07
271.622,chacha20,0.00148535,0.000342181,-0.00152865,1,7.99983,images/datasets/real/kodak/kodim10.png,real_kodim10,,99.6203,1,full,8.47711e-05,1,full__real_kodim10__rep1,3.32435e-07
34399.8,logistic_xor,0.000150929,-0.0519008,0.00676832,1,7.9799,images/datasets/real/kodak/kodim11.png,real_kodim11,,99.3863,1,full,8.47711e-05,1,full__real_kodim11__rep1,3.32435e-07
35121.9,logistic_permute_xor,0.00240019,-0.0224724,0.000213361,0.0110024,7.97948,images/datasets/real/kodak/kodim11.png,real_kodim11,,99.5854,0.999998,full,8.47711e-05,1,full__real_kodim11__rep1,3.32435e-07
33863.2,arnold_xor,0.00137746,-0.0446375,0.00437367,0.177733,7.98021,images/datasets/real/kodak/kodim11.png,real_kodim11,,99.3863,1,full,8.47711e-05,1,full__real_kodim11__rep1,3.32435e-07
34481.5,tiled_arnold_xor,0.00298848,-0.0471779,0.00603684,0.0587184,7.97984,images/datasets/real/kodak/kodim11.png,real_kodim11,,99.3863,1,full,8.47711e-05,1,full__real_kodim11__rep1,3.32435e-07
333.01,tent_block_xor,-0.00148461,-0.004151,-0.000887127,1,7.9998,images/datasets/real/kodak/kodim11.png,real_kodim11,,99.6234,1,full,8.47711e-05,1,full__real_kodim11__rep1,3.32435e-07
56384.3,sine_xor,0.06694,0.0381871,0.068513,1,7.96618,images/datasets/real/kodak/kodim11.png,real_kodim11,,99.3009,1,full,8.47711e-05,1,full__real_kodim11__rep1,3.32435e-07
115109,coupled_lattice_xor,0.105394,0.0722941,0.107174,1,7.92864,images/datasets/real/kodak/kodim11.png,real_kodim11,,99.4091,1,full,8.47711e-05,1,full__real_kodim11__rep1,3.32435e-07
18083.9,hamiltonian_lattice_xor,0.00279337,-0.0104908,0.00300803,1,7.98939,images/datasets/real/kodak/kodim11.png,real_kodim11,,99.5316,1,full,8.47711e-05,1,full__real_kodim11__rep1,3.32435e-07
258.979,chaotic_seed_blake3_xor,-0.000573796,0.000678021,0.00119844,1,7.99984,images/datasets/real/kodak/kodim11.png,real_kodim11,,99.608,1,full,8.47711e-05,1,full__real_kodim11__rep1,3.32435e-07
232.744,aes_ctr,0.00185034,0.00348162,0.000235363,1,7.99986,images/datasets/real/kodak/kodim11.png,real_kodim11,,99.6112,1,full,8.47711e-05,1,full__real_kodim11__rep1,3.32435e-07
245.525,chacha20,0.00116647,0.00193802,0.00206176,1,7.99985,images/datasets/real/kodak/kodim11.png,real_kodim11,,99.6203,1,full,8.47711e-05,1,full__real_kodim11__rep1,3.32435e-07
33342.4,logistic_xor,0.0066497,-0.063333,0.00859577,1,7.97977,images/datasets/real/kodak/kodim12.png,real_kodim12,,99.3863,1,full,8.47711e-05,1,full__real_kodim12__rep1,3.32435e-07
33206.8,logistic_permute_xor,0.00095958,-0.0326151,0.00222899,0.0112508,7.97985,images/datasets/real/kodak/kodim12.png,real_kodim12,,99.595,0.999998,full,8.47711e-05,1,full__real_kodim12__rep1,3.32435e-07
33311.3,arnold_xor,0.00647947,-0.0620934,0.00990318,0.173318,7.97981,images/datasets/real/kodak/kodim12.png,real_kodim12,,99.3863,1,full,8.47711e-05,1,full__real_kodim12__rep1,3.32435e-07
33362.1,tiled_arnold_xor,0.00561695,-0.0596239,0.00792489,0.0727395,7.97978,images/datasets/real/kodak/kodim12.png,real_kodim12,,99.3863,1,full,8.47711e-05,1,full__real_kodim12__rep1,3.32435e-07
268.052,tent_block_xor,-0.00134196,-0.00314356,0.000123116,1,7.99984,images/datasets/real/kodak/kodim12.png,real_kodim12,,99.6234,1,full,8.47711e-05,1,full__real_kodim12__rep1,3.32435e-07
55913.3,sine_xor,0.0734303,0.10718,0.0753376,1,7.96637,images/datasets/real/kodak/kodim12.png,real_kodim12,,99.3009,1,full,8.47711e-05,1,full__real_kodim12__rep1,3.32435e-07
91444.6,coupled_lattice_xor,0.146172,0.129699,0.150745,1,7.94362,images/datasets/real/kodak/kodim12.png,real_kodim12,,99.4091,1,full,8.47711e-05,1,full__real_kodim12__rep1,3.32435e-07
16140.9,hamiltonian_lattice_xor,0.00117752,-0.0281157,0.00370303,1,7.99022,images/datasets/real/kodak/kodim12.png,real_kodim12,,99.5316,1,full,8.47711e-05,1,full__real_kodim12__rep1,3.32435e-07
252.399,chaotic_seed_blake3_xor,-0.000527384,-0.00277304,0.00182857,1,7.99985,images/datasets/real/kodak/kodim12.png,real_kodim12,,99.608,1,full,8.47711e-05,1,full__real_kodim12__rep1,3.32435e-07
272.417,aes_ctr,0.000486847,0.00123567,0.000393931,1,7.99983,images/datasets/real/kodak/kodim12.png,real_kodim12,,99.6112,1,full,8.47711e-05,1,full__real_kodim12__rep1,3.32435e-07
276.069,chacha20,0.00340144,0.00111173,0.00112221,1,7.99983,images/datasets/real/kodak/kodim12.png,real_kodim12,,99.6203,1,full,8.47711e-05,1,full__real_kodim12__rep1,3.32435e-07
14763.9,logistic_xor,0.00675358,-0.0519878,0.00799423,1,7.99089,images/datasets/real/kodak/kodim13.png,real_kodim13,,99.3863,1,full,8.47711e-05,1,full__real_kodim13__rep1,3.32435e-07
14633.1,logistic_permute_xor,0.00117361,-0.0120079,0.000340119,0.00709703,7.99098,images/datasets/real/kodak/kodim13.png,real_kodim13,,99.5974,0.999998,full,8.47711e-05,1,full__real_kodim13__rep1,3.32435e-07
14659.6,arnold_xor,0.00717767,-0.047234,0.00896172,0.173399,7.99095,images/datasets/real/kodak/kodim13.png,real_kodim13,,99.3863,1,full,8.47711e-05,1,full__real_kodim13__rep1,3.32435e-07
14501.1,tiled_arnold_xor,0.00792001,-0.0437864,0.00754698,0.0195304,7.99104,images/datasets/real/kodak/kodim13.png,real_kodim13,,99.3863,1,full,8.47711e-05,1,full__real_kodim13__rep1,3.32435e-07
265.023,tent_block_xor,-0.00201416,-0.00338559,-0.00381671,1,7.99984,images/datasets/real/kodak/kodim13.png,real_kodim13,,99.6234,1,full,8.47711e-05,1,full__real_kodim13__rep1,3.32435e-07
29073.6,sine_xor,0.0788457,0.0993374,0.0816596,1,7.98222,images/datasets/real/kodak/kodim13.png,real_kodim13,,99.3009,1,full,8.47711e-05,1,full__real_kodim13__rep1,3.32435e-07
56035.6,coupled_lattice_xor,0.155675,0.153262,0.160191,1,7.96558,images/datasets/real/kodak/kodim13.png,real_kodim13,,99.4091,1,full,8.47711e-05,1,full__real_kodim13__rep1,3.32435e-07
7233.59,hamiltonian_lattice_xor,0.00306441,-0.0211491,0.00300833,1,7.99552,images/datasets/real/kodak/kodim13.png,real_kodim13,,99.5316,1,full,8.47711e-05,1,full__real_kodim13__rep1,3.32435e-07
214.844,chaotic_seed_blake3_xor,0.0003729,-0.000659507,0.00191791,1,7.99987,images/datasets/real/kodak/kodim13.png,real_kodim13,,99.608,1,full,8.47711e-05,1,full__real_kodim13__rep1,3.32435e-07
265.802,aes_ctr,0.00347008,0.00125759,0.000931287,1,7.99984,images/datasets/real/kodak/kodim13.png,real_kodim13,,99.6112,1,full,8.47711e-05,1,full__real_kodim13__rep1,3.32435e-07
294.911,chacha20,0.00325513,-0.000467459,0.00181377,1,7.99982,images/datasets/real/kodak/kodim13.png,real_kodim13,,99.6203,1,full,8.47711e-05,1,full__real_kodim13__rep1,3.32435e-07
8739.53,logistic_xor,0.00621176,-0.0549704,0.00901288,1,7.99457,images/datasets/real/kodak/kodim14.png,real_kodim14,,99.3863,1,full,8.47711e-05,1,full__real_kodim14__rep1,3.32435e-07
9065.35,logistic_permute_xor,0.0017466,-0.0173298,-0.000977404,0.00638919,7.99437,images/datasets/real/kodak/kodim14.png,real_kodim14,,99.6044,0.999998,full,8.47711e-05,1,full__real_kodim14__rep1,3.32435e-07
8861.05,arnold_xor,0.00730865,-0.0514672,0.00945146,0.171837,7.99449,images/datasets/real/kodak/kodim14.png,real_kodim14,,99.3863,1,full,8.47711e-05,1,full__real_kodim14__rep1,3.32435e-07
8886.67,tiled_arnold_xor,0.00510801,-0.0509233,0.00754462,0.0218345,7.99447,images/datasets/real/kodak/kodim14.png,real_kodim14,,99.3863,1,full,8.47711e-05,1,full__real_kodim14__rep1,3.32435e-07
279.363,tent_block_xor,-0.000755684,-0.00468503,-0.00122192,1,7.99983,images/datasets/real/kodak/kodim14.png,real_kodim14,,99.6234,1,full,8.47711e-05,1,full__real_kodim14__rep1,3.32435e-07
28617.1,sine_xor,0.0865966,0.0754191,0.0863742,1,7.98242,images/datasets/real/kodak/kodim14.png,real_kodim14,,99.3009,1,full,8.47711e-05,1,full__real_kodim14__rep1,3.32435e-07
62140.3,coupled_lattice_xor,0.164071,0.141487,0.167408,1,7.96157,images/datasets/real/kodak/kodim14.png,real_kodim14,,99.4091,1,full,8.47711e-05,1,full__real_kodim14__rep1,3.32435e-07
4327.12,hamiltonian_lattice_xor,0.00134616,-0.015579,0.00414223,1,7.99732,images/datasets/real/kodak/kodim14.png,real_kodim14,,99.5316,1,full,8.47711e-05,1,full__real_kodim14__rep1,3.32435e-07
309.816,chaotic_seed_blake3_xor,0.00102046,-7.39722e-05,0.00324048,1,7.99981,images/datasets/real/kodak/kodim14.png,real_kodim14,,99.608,1,full,8.47711e-05,1,full__real_kodim14__rep1,3.32435e-07
256.201,aes_ctr,-0.000938902,0.000758103,-0.000210472,1,7.99984,images/datasets/real/kodak/kodim14.png,real_kodim14,,99.6112,1,full,8.47711e-05,1,full__real_kodim14__rep1,3.32435e-07
259.981,chacha20,0.000992044,0.000955785,-0.00127715,1,7.99984,images/datasets/real/kodak/kodim14.png,real_kodim14,,99.6203,1,full,8.47711e-05,1,full__real_kodim14__rep1,3.32435e-07
25484.2,logistic_xor,0.0120922,-0.0619546,0.0157816,1,7.98459,images/datasets/real/kodak/kodim15.png,real_kodim15,,99.3863,1,full,8.47711e-05,1,full__real_kodim15__rep1,3.32435e-07
25252.1,logistic_permute_xor,0.00277921,-0.00640279,0.000863855,0.0119239,7.98473,images/datasets/real/kodak/kodim15.png,real_kodim15,,99.5989,0.999998,full,8.47711e-05,1,full__real_kodim15__rep1,3.32435e-07
25902,arnold_xor,0.0120637,-0.0599822,0.0159965,0.174184,7.98434,images/datasets/real/kodak/kodim15.png,real_kodim15,,99.3863,1,full,8.47711e-05,1,full__real_kodim15__rep1,3.32435e-07
25570,tiled_arnold_xor,0.0111574,-0.0588968,0.0158867,0.0859095,7.98454,images/datasets/real/kodak/kodim15.png,real_kodim15,,99.3863,1,full,8.47711e-05,1,full__real_kodim15__rep1,3.32435e-07
265.428,tent_block_xor,-0.00217094,-0.00663674,-7.1266e-05,1,7.99984,images/datasets/real/kodak/kodim15.png,real_kodim15,,99.6234,1,full,8.47711e-05,1,full__real_kodim15__rep1,3.32435e-07
14371.6,sine_xor,0.237019,0.199474,0.240416,1,7.99138,images/datasets/real/kodak/kodim15.png,real_kodim15,,99.3009,1,full,8.47711e-05,1,full__real_kodim15__rep1,3.32435e-07
22614.1,coupled_lattice_xor,0.414854,0.378863,0.417376,1,7.98626,images/datasets/real/kodak/kodim15.png,real_kodim15,,99.4091,1,full,8.47711e-05,1,full__real_kodim15__rep1,3.32435e-07
11796.1,hamiltonian_lattice_xor,0.00646842,-0.00712585,0.00636768,1,7.99283,images/datasets/real/kodak/kodim15.png,real_kodim15,,99.5316,1,full,8.47711e-05,1,full__real_kodim15__rep1,3.32435e-07
267.595,chaotic_seed_blake3_xor,0.000346794,-0.00264675,0.00343847,1,7.99984,images/datasets/real/kodak/kodim15.png,real_kodim15,,99.608,1,full,8.47711e-05,1,full__real_kodim15__rep1,3.32435e-07
234.495,aes_ctr,-0.00307279,-0.000677566,-0.00110869,1,7.99986,images/datasets/real/kodak/kodim15.png,real_kodim15,,99.6112,1,full,8.47711e-05,1,full__real_kodim15__rep1,3.32435e-07
246.926,chacha20,0.00253895,0.000652794,0.0011774,1,7.99985,images/datasets/real/kodak/kodim15.png,real_kodim15,,99.6203,1,full,8.47711e-05,1,full__real_kodim15__rep1,3.32435e-07
35686.9,logistic_xor,0.00678088,-0.0539561,0.00856073,1,7.97821,images/datasets/real/kodak/kodim16.png,real_kodim16,,99.3863,1,full,8.47711e-05,1,full__real_kodim16__rep1,3.32435e-07
36251.7,logistic_permute_xor,0.00211957,-0.00622887,0.000497937,0.00778622,7.97793,images/datasets/real/kodak/kodim16.png,real_kodim16,,99.6054,0.999998,full,8.47711e-05,1,full__real_kodim16__rep1,3.32435e-07
36187.6,arnold_xor,0.00726351,-0.0529425,0.00778638,0.173165,7.97796,images/datasets/real/kodak/kodim16.png,real_kodim16,,99.3863,1,full,8.47711e-05,1,full__real_kodim16__rep1,3.32435e-07
36016.2,tiled_arnold_xor,0.00765453,-0.0505829,0.00921954,0.0437249,7.978,images/datasets/real/kodak/kodim16.png,real_kodim16,,99.3863,1,full,8.47711e-05,1,full__real_kodim16__rep1,3.32435e-07
265.111,tent_block_xor,-0.000458495,-0.00213096,0.000501528,1,7.99984,images/datasets/real/kodak/kodim16.png,real_kodim16,,99.6234,1,full,8.47711e-05,1,full__real_kodim16__rep1,3.32435e-07
36114.1,sine_xor,0.0723428,0.0903864,0.0743141,1,7.97782,images/datasets/real/kodak/kodim16.png,real_kodim16,,99.3009,1,full,8.47711e-05,1,full__real_kodim16__rep1,3.32435e-07
58063.2,coupled_lattice_xor,0.145067,0.114467,0.144263,1,7.96446,images/datasets/real/kodak/kodim16.png,real_kodim16,,99.4091,1,full,8.47711e-05,1,full__real_kodim16__rep1,3.32435e-07
21620.6,hamiltonian_lattice_xor,8.75943e-05,-0.0245433,0.00233196,1,7.98676,images/datasets/real/kodak/kodim16.png,real_kodim16,,99.5316,1,full,8.47711e-05,1,full__real_kodim16__rep1,3.32435e-07
240.615,chaotic_seed_blake3_xor,0.0022959,-0.00283278,0.00246073,1,7.99985,images/datasets/real/kodak/kodim16.png,real_kodim16,,99.608,1,full,8.47711e-05,1,full__real_kodim16__rep1,3.32435e-07
236.151,aes_ctr,0.000683289,0.00131747,-0.00105445,1,7.99986,images/datasets/real/kodak/kodim16.png,real_kodim16,,99.6112,1,full,8.47711e-05,1,full__real_kodim16__rep1,3.32435e-07
257.573,chacha20,0.00256781,-0.000176936,0.000162419,1,7.99984,images/datasets/real/kodak/kodim16.png,real_kodim16,,99.6203,1,full,8.47711e-05,1,full__real_kodim16__rep1,3.32435e-07
7238.15,logistic_xor,0.00657783,-0.0655088,0.0101356,1,7.99557,images/datasets/real/kodak/kodim17.png,real_kodim17,,99.3863,1,full,8.47711e-05,1,full__real_kodim17__rep1,3.32435e-07
7180.79,logistic_permute_xor,-0.00311133,-0.039518,0.00118958,0.00766669,7.99561,images/datasets/real/kodak/kodim17.png,real_kodim17,,99.6034,0.999998,full,8.47711e-05,1,full__real_kodim17__rep1,3.32435e-07
7264.79,arnold_xor,0.00531094,-0.0653278,0.00903195,0.174696,7.99555,images/datasets/real/kodak/kodim17.png,real_kodim17,,99.3863,1,full,8.47711e-05,1,full__real_kodim17__rep1,3.32435e-07
7171.17,tiled_arnold_xor,0.00554825,-0.0614143,0.00828222,0.0358336,7.99561,images/datasets/real/kodak/kodim17.png,real_kodim17,,99.3863,1,full,8.47711e-05,1,full__real_kodim17__rep1,3.32435e-07
262.739,tent_block_xor,0.000299069,-0.00381768,-0.0016352,1,7.99984,images/datasets/real/kodak/kodim17.png,real_kodim17,,99.6234,1,full,8.47711e-05,1,full__real_kodim17__rep1,3.32435e-07
40375.3,sine_xor,0.0922472,0.11553,0.0975475,1,7.97508,images/datasets/real/kodak/kodim17.png,real_kodim17,,99.3009,1,full,8.47711e-05,1,full__real_kodim17__rep1,3.32435e-07
93636.2,coupled_lattice_xor,0.175341,0.155427,0.178453,1,7.94193,images/datasets/real/kodak/kodim17.png,real_kodim17,,99.4091,1,full,8.47711e-05,1,full__real_kodim17__rep1,3.32435e-07
2724.68,hamiltonian_lattice_xor,0.00441452,-0.0223692,0.00435618,1,7.99833,images/datasets/real/kodak/kodim17.png,real_kodim17,,99.5316,1,full,8.47711e-05,1,full__real_kodim17__rep1,3.32435e-07
264.786,chaotic_seed_blake3_xor,-0.000243881,-0.00225396,0.00034726,1,7.99984,images/datasets/real/kodak/kodim17.png,real_kodim17,,99.608,1,full,8.47711e-05,1,full__real_kodim17__rep1,3.32435e-07
272.6,aes_ctr,0.000569422,-0.00117994,0.000741947,1,7.99983,images/datasets/real/kodak/kodim17.png,real_kodim17,,99.6112,1,full,8.47711e-05,1,full__real_kodim17__rep1,3.32435e-07
265.743,chacha20,0.0023287,-0.000217858,-5.24319e-05,1,7.99984,images/datasets/real/kodak/kodim17.png,real_kodim17,,99.6203,1,full,8.47711e-05,1,full__real_kodim17__rep1,3.32435e-07
18031.4,logistic_xor,0.00175794,-0.0698698,0.00422574,1,7.98939,images/datasets/real/kodak/kodim18.png,real_kodim18,,99.3863,1,full,8.47711e-05,1,full__real_kodim18__rep1,3.32435e-07
18018.6,logistic_permute_xor,-0.000463065,-0.0587988,0.00220933,0.00972663,7.98939,images/datasets/real/kodak/kodim18.png,real_kodim18,,99.6039,0.999998,full,8.47711e-05,1,full__real_kodim18__rep1,3.32435e-07
18104.2,arnold_xor,0.00162495,-0.0672857,0.00292671,0.175195,7.98936,images/datasets/real/kodak/kodim18.png,real_kodim18,,99.3863,1,full,8.47711e-05,1,full__real_kodim18__rep1,3.32435e-07
17971.7,tiled_arnold_xor,0.000413242,-0.0674987,0.00420615,0.0280609,7.98943,images/datasets/real/kodak/kodim18.png,real_kodim18,,99.3863,1,full,8.47711e-05,1,full__real_kodim18__rep1,3.32435e-07
279.482,tent_block_xor,0.000502717,-0.00488341,-0.00162304,1,7.99983,images/datasets/real/kodak/kodim18.png,real_kodim18,,99.6234,1,full,8.47711e-05,1,full__real_kodim18__rep1,3.32435e-07
71822.8,sine_xor,0.0765687,0.0635668,0.0849621,1,7.95616,images/datasets/real/kodak/kodim18.png,real_kodim18,,99.3009,1,full,8.47711e-05,1,full__real_kodim18__rep1,3.32435e-07
152635,coupled_lattice_xor,0.113134,0.0984245,0.122075,1,7.90396,images/datasets/real/kodak/kodim18.png,real_kodim18,,99.4091,1,full,8.47711e-05,1,full__real_kodim18__rep1,3.32435e-07
7321.8,hamiltonian_lattice_xor,0.00232645,-0.015749,0.000269211,1,7.99564,images/datasets/real/kodak/kodim18.png,real_kodim18,,99.5316,1,full,8.47711e-05,1,full__real_kodim18__rep1,3.32435e-07
286.466,chaotic_seed_blake3_xor,-0.000272088,-0.0027019,-0.0011024,1,7.99982,images/datasets/real/kodak/kodim18.png,real_kodim18,,99.608,1,full,8.47711e-05,1,full__real_kodim18__rep1,3.32435e-07
244.922,aes_ctr,0.0010951,-0.000249285,0.00132243,1,7.99985,images/datasets/real/kodak/kodim18.png,real_kodim18,,99.6112,1,full,8.47711e-05,1,full__real_kodim18__rep1,3.32435e-07
245.445,chacha20,0.00170566,0.00123264,0.000709386,1,7.99985,images/datasets/real/kodak/kodim18.png,real_kodim18,,99.6203,1,full,8.47711e-05,1,full__real_kodim18__rep1,3.32435e-07
36934.4,logistic_xor,0.00826362,-0.0505787,0.00942696,1,7.97784,images/datasets/real/kodak/kodim19.png,real_kodim19,,99.3863,1,full,8.47711e-05,1,full__real_kodim19__rep1,3.32435e-07
36857.8,logistic_permute_xor,0.00102667,-0.00146675,0.00023572,0.00748867,7.97792,images/datasets/real/kodak/kodim19.png,real_kodim19,,99.5928,0.999998,full,8.47711e-05,1,full__real_kodim19__rep1,3.32435e-07
37219.3,arnold_xor,0.00818451,-0.0463902,0.00896256,0.173505,7.9777,images/datasets/real/kodak/kodim19.png,real_kodim19,,99.3863,1,full,8.47711e-05,1,full__real_kodim19__rep1,3.32435e-07
36987.5,tiled_arnold_xor,0.00690533,-0.0430889,0.00836594,0.0346027,7.97783,images/datasets/real/kodak/kodim19.png,real_kodim19,,99.3863,1,full,8.47711e-05,1,full__real_kodim19__rep1,3.32435e-07
265.218,tent_block_xor,-0.000348833,-0.00153671,-0.000982128,1,7.99984,images/datasets/real/kodak/kodim19.png,real_kodim19,,99.6234,1,full,8.47711e-05,1,full__real_kodim19__rep1,3.32435e-07
26580.4,sine_xor,0.058111,0.0954661,0.0679094,1,7.9839,images/datasets/real/kodak/kodim19.png,real_kodim19,,99.3009,1,full,8.47711e-05,1,full__real_kodim19__rep1,3.32435e-07
34257.5,coupled_lattice_xor,0.153107,0.126366,0.16105,1,7.97919,images/datasets/real/kodak/kodim19.png,real_kodim19,,99.4091,1,full,8.47711e-05,1,full__real_kodim19__rep1,3.32435e-07
20943.3,hamiltonian_lattice_xor,0.00209846,-0.0236226,0.0049188,1,7.98742,images/datasets/real/kodak/kodim19.png,real_kodim19,,99.5316,1,full,8.47711e-05,1,full__real_kodim19__rep1,3.32435e-07
270.857,chaotic_seed_blake3_xor,-0.000361081,-0.00070828,-0.00219423,1,7.99983,images/datasets/real/kodak/kodim19.png,real_kodim19,,99.608,1,full,8.47711e-05,1,full__real_kodim19__rep1,3.32435e-07
245.158,aes_ctr,0.0011253,0.00133756,-0.00189588,1,7.99985,images/datasets/real/kodak/kodim19.png,real_kodim19,,99.6112,1,full,8.47711e-05,1,full__real_kodim19__rep1,3.32435e-07
259.934,chacha20,0.00247216,-0.000208415,0.00086192,1,7.99984,images/datasets/real/kodak/kodim19.png,real_kodim19,,99.6203,1,full,8.47711e-05,1,full__real_kodim19__rep1,3.32435e-07
84351.5,logistic_xor,0.0146056,-0.0747729,0.0206115,1,7.95908,images/datasets/real/kodak/kodim20.png,real_kodim20,,99.3863,1,full,8.47711e-05,1,full__real_kodim20__rep1,3.32435e-07
84916.6,logistic_permute_xor,0.00272297,0.0112136,0.00115147,0.145006,7.9588,images/datasets/real/kodak/kodim20.png,real_kodim20,,99.5694,0.999998,full,8.47711e-05,1,full__real_kodim20__rep1,3.32435e-07
84642.1,arnold_xor,0.0140849,-0.0732684,0.0201842,0.34378,7.95901,images/datasets/real/kodak/kodim20.png,real_kodim20,,99.3863,1,full,8.47711e-05,1,full__real_kodim20__rep1,3.32435e-07
84566.5,tiled_arnold_xor,0.0150645,-0.0723661,0.0186867,0.344263,7.95903,images/datasets/real/kodak/kodim20.png,real_kodim20,,99.3863,1,full,8.47711e-05,1,full__real_kodim20__rep1,3.32435e-07
398.109,tent_block_xor,0.000447086,-0.008479,-0.00191935,1,7.99975,images/datasets/real/kodak/kodim20.png,real_kodim20,,99.6234,1,full,8.47711e-05,1,full__real_kodim20__rep1,3.32435e-07
144732,sine_xor,0.235406,0.255264,0.236741,1,7.93135,images/datasets/real/kodak/kodim20.png,real_kodim20,,99.3009,1,full,8.47711e-05,1,full__real_kodim20__rep1,3.32435e-07
77518.5,coupled_lattice_xor,0.448725,0.441414,0.451403,1,7.95501,images/datasets/real/kodak/kodim20.png,real_kodim20,,99.4091,1,full,8.47711e-05,1,full__real_kodim20__rep1,3.32435e-07
31660.8,hamiltonian_lattice_xor,0.00569084,-0.0156239,0.00802785,1,7.98165,images/datasets/real/kodak/kodim20.png,real_kodim20,,99.5316,1,full,8.47711e-05,1,full__real_kodim20__rep1,3.32435e-07
240.641,chaotic_seed_blake3_xor,0.00109659,-0.000365334,0.00192231,1,7.99985,images/datasets/real/kodak/kodim20.png,real_kodim20,,99.608,1,full,8.47711e-05,1,full__real_kodim20__rep1,3.32435e-07
305.369,aes_ctr,-0.00255808,0.0010211,-5.13218e-05,1,7.99981,images/datasets/real/kodak/kodim20.png,real_kodim20,,99.6112,1,full,8.47711e-05,1,full__real_kodim20__rep1,3.32435e-07
260.879,chacha20,0.00246851,-0.000114982,-3.53251e-05,1,7.99984,images/datasets/real/kodak/kodim20.png,real_kodim20,,99.6203,1,full,8.47711e-05,1,full__real_kodim20__rep1,3.32435e-07
55287.7,logistic_xor,0.00898918,-0.0396172,0.00952938,1,7.96736,images/datasets/real/kodak/kodim21.png,real_kodim21,,99.3863,1,full,8.47711e-05,1,full__real_kodim21__rep1,3.32435e-07
55407.2,logistic_permute_xor,0.00116671,0.0118612,-0.000318253,0.0115314,7.96722,images/datasets/real/kodak/kodim21.png,real_kodim21,,99.5936,0.999998,full,8.47711e-05,1,full__real_kodim21__rep1,3.32435e-07
55524,arnold_xor,0.00676034,-0.0379526,0.0069673,0.177465,7.96719,images/datasets/real/kodak/kodim21.png,real_kodim21,,99.3863,1,full,8.47711e-05,1,full__real_kodim21__rep1,3.32435e-07
55703.2,tiled_arnold_xor,0.0102667,-0.0325412,0.0085552,0.0589676,7.96709,images/datasets/real/kodak/kodim21.png,real_kodim21,,99.3863,1,full,8.47711e-05,1,full__real_kodim21__rep1,3.32435e-07
307.424,tent_block_xor,-0.00221982,0.000707501,0.000318402,1,7.99981,images/datasets/real/kodak/kodim21.png,real_kodim21,,99.6234,1,full,8.47711e-05,1,full__real_kodim21__rep1,3.32435e-07
28853.1,sine_xor,0.0497791,0.0136997,0.0523634,1,7.98303,images/datasets/real/kodak/kodim21.png,real_kodim21,,99.3009,1,full,8.47711e-05,1,full__real_kodim21__rep1,3.32435e-07
10322.5,coupled_lattice_xor,0.123834,0.0926914,0.126884,1,7.99365,images/datasets/real/kodak/kodim21.png,real_kodim21,,99.4091,1,full,8.47711e-05,1,full__real_kodim21__rep1,3.32435e-07
34165.2,hamiltonian_lattice_xor,-0.000140959,-0.0127829,0.00265247,1,7.97985,images/datasets/real/kodak/kodim21.png,real_kodim21,,99.5316,1,full,8.47711e-05,1,full__real_kodim21__rep1,3.32435e-07
243.752,chaotic_seed_blake3_xor,8.38473e-05,-0.00130606,0.000280478,1,7.99985,images/datasets/real/kodak/kodim21.png,real_kodim21,,99.608,1,full,8.47711e-05,1,full__real_kodim21__rep1,3.32435e-07
270.485,aes_ctr,-3.48116e-05,-0.00106946,0.00114211,1,7.99983,images/datasets/real/kodak/kodim21.png,real_kodim21,,99.6112,1,full,8.47711e-05,1,full__real_kodim21__rep1,3.32435e-07
255.361,chacha20,0.0044984,-7.38222e-05,-0.000594865,1,7.99984,images/datasets/real/kodak/kodim21.png,real_kodim21,,99.6203,1,full,8.47711e-05,1,full__real_kodim21__rep1,3.32435e-07
35960.6,logistic_xor,0.00879911,-0.0438387,0.0107553,1,7.97775,images/datasets/real/kodak/kodim22.png,real_kodim22,,99.3863,1,full,8.47711e-05,1,full__real_kodim22__rep1,3.32435e-07
35922.3,logistic_permute_xor,0.000546001,-0.00706222,0.00221484,0.00843218,7.97777,images/datasets/real/kodak/kodim22.png,real_kodim22,,99.5957,0.999998,full,8.47711e-05,1,full__real_kodim22__rep1,3.32435e-07
35720.1,arnold_xor,0.0084735,-0.0424945,0.00833535,0.173609,7.9779,images/datasets/real/kodak/kodim22.png,real_kodim22,,99.3863,1,full,8.47711e-05,1,full__real_kodim22__rep1,3.32435e-07
35898.7,tiled_arnold_xor,0.00511862,-0.042884,0.010038,0.0409461,7.97778,images/datasets/real/kodak/kodim22.png,real_kodim22,,99.3863,1,full,8.47711e-05,1,full__real_kodim22__rep1,3.32435e-07
276.504,tent_block_xor,-0.00106389,-0.00195009,0.00136497,1,7.99983,images/datasets/real/kodak/kodim22.png,real_kodim22,,99.6234,1,full,8.47711e-05,1,full__real_kodim22__rep1,3.32435e-07
17942.9,sine_xor,0.0418832,0.0646701,0.0425874,1,7.98903,images/datasets/real/kodak/kodim22.png,real_kodim22,,99.3009,1,full,8.47711e-05,1,full__real_kodim22__rep1,3.32435e-07
31646,coupled_lattice_xor,0.122609,0.0946202,0.125334,1,7.98066,images/datasets/real/kodak/kodim22.png,real_kodim22,,99.4091,1,full,8.47711e-05,1,full__real_kodim22__rep1,3.32435e-07
18659.7,hamiltonian_lattice_xor,-0.000971395,-0.0266026,0.00435684,1,7.98844,images/datasets/real/kodak/kodim22.png,real_kodim22,,99.5316,1,full,8.47711e-05,1,full__real_kodim22__rep1,3.32435e-07
271.775,chaotic_seed_blake3_xor,-0.00140834,-0.000337147,0.00312439,1,7.99983,images/datasets/real/kodak/kodim22.png,real_kodim22,,99.608,1,full,8.47711e-05,1,full__real_kodim22__rep1,3.32435e-07
259.556,aes_ctr,-0.00024462,0.00119937,0.00175556,1,7.99984,images/datasets/real/kodak/kodim22.png,real_kodim22,,99.6112,1,full,8.47711e-05,1,full__real_kodim22__rep1,3.32435e-07
240.984,chacha20,0.0019149,-0.000181627,-0.00127208,1,7.99985,images/datasets/real/kodak/kodim22.png,real_kodim22,,99.6203,1,full,8.47711e-05,1,full__real_kodim22__rep1,3.32435e-07
12187.2,logistic_xor,0.00900219,-0.0503993,0.0107476,1,7.99246,images/datasets/real/kodak/kodim23.png,real_kodim23,,99.3863,1,full,8.47711e-05,1,full__real_kodim23__rep1,3.32435e-07
11797.2,logistic_permute_xor,3.04631e-05,-0.0062329,-0.000462333,0.00767517,7.9927,images/datasets/real/kodak/kodim23.png,real_kodim23,,99.6125,0.999998,full,8.47711e-05,1,full__real_kodim23__rep1,3.32435e-07
12198.5,arnold_xor,0.00768706,-0.0498402,0.00937412,0.173759,7.99245,images/datasets/real/kodak/kodim23.png,real_kodim23,,99.3863,1,full,8.47711e-05,1,full__real_kodim23__rep1,3.32435e-07
12016.7,tiled_arnold_xor,0.00688483,-0.0493546,0.009113,0.0502531,7.99257,images/datasets/real/kodak/kodim23.png,real_kodim23,,99.3863,1,full,8.47711e-05,1,full__real_kodim23__rep1,3.32435e-07
300.229,tent_block_xor,-0.000577276,-0.00173686,-0.00240044,1,7.99982,images/datasets/real/kodak/kodim23.png,real_kodim23,,99.6234,1,full,8.47711e-05,1,full__real_kodim23__rep1,3.32435e-07
21957.2,sine_xor,0.0851271,0.0271301,0.0833779,1,7.98657,images/datasets/real/kodak/kodim23.png,real_kodim23,,99.3009,1,full,8.47711e-05,1,full__real_kodim23__rep1,3.32435e-07
40825.9,coupled_lattice_xor,0.160466,0.11256,0.161951,1,7.97483,images/datasets/real/kodak/kodim23.png,real_kodim23,,99.4091,1,full,8.47711e-05,1,full__real_kodim23__rep1,3.32435e-07
6794.83,hamiltonian_lattice_xor,0.000781037,-0.0138075,0.00272586,1,7.99576,images/datasets/real/kodak/kodim23.png,real_kodim23,,99.5316,1,full,8.47711e-05,1,full__real_kodim23__rep1,3.32435e-07
241.461,chaotic_seed_blake3_xor,0.00102103,-0.00125428,0.00177786,1,7.99985,images/datasets/real/kodak/kodim23.png,real_kodim23,,99.608,1,full,8.47711e-05,1,full__real_kodim23__rep1,3.32435e-07
292.512,aes_ctr,-0.0017848,0.000949204,-0.000484327,1,7.99982,images/datasets/real/kodak/kodim23.png,real_kodim23,,99.6112,1,full,8.47711e-05,1,full__real_kodim23__rep1,3.32435e-07
237.421,chacha20,0.00240576,0.000244016,-0.00118616,1,7.99985,images/datasets/real/kodak/kodim23.png,real_kodim23,,99.6203,1,full,8.47711e-05,1,full__real_kodim23__rep1,3.32435e-07
23922.1,logistic_xor,0.00723577,-0.0531409,0.0119161,1,7.98519,images/datasets/real/kodak/kodim24.png,real_kodim24,,99.3863,1,full,8.47711e-05,1,full__real_kodim24__rep1,3.32435e-07
23888.3,logistic_permute_xor,-0.00161868,-0.0135708,0.000884303,0.0109609,7.98522,images/datasets/real/kodak/kodim24.png,real_kodim24,,99.5949,0.999998,full,8.47711e-05,1,full__real_kodim24__rep1,3.32435e-07
24127.4,arnold_xor,0.00841524,-0.0494192,0.00909526,0.180244,7.98507,images/datasets/real/kodak/kodim24.png,real_kodim24,,99.3863,1,full,8.47711e-05,1,full__real_kodim24__rep1,3.32435e-07
24104.1,tiled_arnold_xor,0.00704521,-0.0479475,0.0106751,0.063786,7.98508,images/datasets/real/kodak/kodim24.png,real_kodim24,,99.3863,1,full,8.47711e-05,1,full__real_kodim24__rep1,3.32435e-07
281.133,tent_block_xor,-0.00205874,-0.00350163,0.00147976,1,7.99983,images/datasets/real/kodak/kodim24.png,real_kodim24,,99.6234,1,full,8.47711e-05,1,full__real_kodim24__rep1,3.32435e-07
43705.5,sine_xor,0.0833515,0.104988,0.0883965,1,7.97321,images/datasets/real/kodak/kodim24.png,real_kodim24,,99.3009,1,full,8.47711e-05,1,full__real_kodim24__rep1,3.32435e-07
61308.6,coupled_lattice_xor,0.167725,0.149559,0.171694,1,7.96236,images/datasets/real/kodak/kodim24.png,real_kodim24,,99.4091,1,full,8.47711e-05,1,full__real_kodim24__rep1,3.32435e-07
12139.1,hamiltonian_lattice_xor,-8.32959e-05,-0.0226246,0.00449872,1,7.99249,images/datasets/real/kodak/kodim24.png,real_kodim24,,99.5316,1,full,8.47711e-05,1,full__real_kodim24__rep1,3.32435e-07
255.085,chaotic_seed_blake3_xor,0.000431677,0.000197827,0.00167354,1,7.99984,images/datasets/real/kodak/kodim24.png,real_kodim24,,99.608,1,full,8.47711e-05,1,full__real_kodim24__rep1,3.32435e-07
237.246,aes_ctr,-0.00238345,-0.000578121,-0.000163997,1,7.99985,images/datasets/real/kodak/kodim24.png,real_kodim24,,99.6112,1,full,8.47711e-05,1,full__real_kodim24__rep1,3.32435e-07
234.17,chacha20,0.00153267,0.00169339,0.00026928,1,7.99986,images/datasets/real/kodak/kodim24.png,real_kodim24,,99.6203,1,full,8.47711e-05,1,full__real_kodim24__rep1,3.32435e-07
