MBps,bytes,channels,checksum,diffusion,diffusion_ms,diffusion_share_pct,height,image,image_kind,image_size,keygen_ms,keygen_share_pct,keystream,mode,permutation,permutation_ms,permutation_share_pct,repeat,run_id,scheme,total_ms,width
51.3696,1179648,3,6408696621853027068,arx_block,1.41425,6.457733069712011,512,images/datasets/real/kodak/kodim01.png,real_kodim01,768x512,2.68242,12.248437221747848,cellular_automata,candidates,feistel_index,17.8,81.27816767959965,1,candidates__real_kodim01__rep1,CA-Feistel-ARX,21.9001,768
237.267,1179648,3,170362083924563506,arx_block,1.20101,25.329801391545693,512,images/datasets/real/kodak/kodim01.png,real_kodim01,768x512,2.54986,53.77760999179583,cellular_automata,candidates,checkerboard_swaps,0.987937,20.836003028583843,1,candidates__real_kodim01__rep1,Checkerboard-CA-ARX,4.74149,768
44.8027,1179648,3,11545603384592758477,prefix_tree_reverse,5.80989,23.13766173770714,512,images/datasets/real/kodak/kodim01.png,real_kodim01,768x512,2.39282,9.529312905962142,cellular_automata,candidates,affine_bitplane,16.9041,67.31992305884883,1,candidates__real_kodim01__rep1,Affine-CA-PrefixTree,25.1101,768
203.308,1179648,3,3436784516909611437,multilane_tree,1.99258,36.00946238269158,512,images/datasets/real/kodak/kodim01.png,real_kodim01,768x512,2.46527,44.551810882462966,cellular_automata,candidates,checkerboard_swaps,1.07173,19.368066084875913,1,candidates__real_kodim01__rep1,Checkerboard-CA-MultilaneTree,5.53349,768
24.4015,1179648,3,11508593528817600570,stencil,6.63976,14.401762978322829,512,images/datasets/real/kodak/kodim01.png,real_kodim01,768x512,18.9186,41.03479539647491,cml,candidates,feistel_index,20.538,44.547304126774804,1,candidates__real_kodim01__rep1,CML-Feistel-Stencil,46.1038,768
9.17815,1179648,3,10309898852370750337,stencil,4.78876,3.9068317914076394,512,images/datasets/real/kodak/kodim01.png,real_kodim01,768x512,99.8468,81.45838432293962,hamiltonian,candidates,block_feistel,17.9328,14.630182583582164,1,candidates__real_kodim01__rep1,Hamiltonian-Block-Stencil,122.574,768
30.668,1179648,3,4170611950953939848,bitplane,2.38619,6.504857809569503,512,images/datasets/real/kodak/kodim01.png,real_kodim01,768x512,17.364,47.3350198455969,cml,candidates,affine_bitplane,16.9281,46.14673747110394,1,candidates__real_kodim01__rep1,Affine-CML-Bitplane,36.6832,768
53.4341,1179648,3,12672824234007014702,arx_block,1.40026,6.650802697824642,512,images/datasets/real/kodak/kodim02.png,real_kodim02,768x512,2.6952,12.80136791108578,cellular_automata,candidates,feistel_index,16.9552,80.53196542224757,1,candidates__real_kodim02__rep1,CA-Feistel-ARX,21.054,768
214.688,1179648,3,1950442303836008287,arx_block,1.3509,25.779747183292113,512,images/datasets/real/kodak/kodim02.png,real_kodim02,768x512,2.71271,51.767694116210194,cellular_automata,candidates,checkerboard_swaps,1.1733,22.39053769350554,1,candidates__real_kodim02__rep1,Checkerboard-CA-ARX,5.24016,768
45.2797,1179648,3,8511755047479843353,prefix_tree_reverse,5.68355,22.875478958044884,512,images/datasets/real/kodak/kodim02.png,real_kodim02,768x512,2.6411,10.630051196187653,cellular_automata,candidates,affine_bitplane,16.5171,66.47897414431529,1,candidates__real_kodim02__rep1,Affine-CA-PrefixTree,24.8456,768
225.158,1179648,3,3736815578837059961,multilane_tree,1.89656,37.95784640817855,512,images/datasets/real/kodak/kodim02.png,real_kodim02,768x512,2.20975,44.22604668477272,cellular_automata,candidates,checkerboard_swaps,0.887298,17.75842641534357,1,candidates__real_kodim02__rep1,Checkerboard-CA-MultilaneTree,4.99649,768
27.4385,1179648,3,9669187312889501358,stencil,5.21662,12.72321515677743,512,images/datasets/real/kodak/kodim02.png,real_kodim02,768x512,17.7137,43.20330335017853,cml,candidates,feistel_index,18.0589,44.0452381416948,1,candidates__real_kodim02__rep1,CML-Feistel-Stencil,41.0008,768
9.09952,1179648,3,3744617503715742041,stencil,5.27098,4.26340863685262,512,images/datasets/real/kodak/kodim02.png,real_kodim02,768x512,100.648,81.40868538335233,hamiltonian,candidates,block_feistel,17.7101,14.324735305298747,1,candidates__real_kodim02__rep1,Hamiltonian-Block-Stencil,123.633,768
31.0173,1179648,3,18193791695340040612,bitplane,2.30117,6.344537235905056,512,images/datasets/real/kodak/kodim02.png,real_kodim02,768x512,17.6197,48.579132674020755,cml,candidates,affine_bitplane,16.346,45.067424683141205,1,candidates__real_kodim02__rep1,Affine-CML-Bitplane,36.2701,768
52.3687,1179648,3,6896709221369695215,arx_block,1.28974,6.0037333060240305,512,images/datasets/real/kodak/kodim03.png,real_kodim03,768x512,2.61916,12.192176815331692,cellular_automata,candidates,feistel_index,17.5699,81.78779739599578,1,candidates__real_kodim03__rep1,CA-Feistel-ARX,21.4823,768
257.208,1179648,3,12771177623281933686,arx_block,1.08408,24.785203136788677,512,images/datasets/real/kodak/kodim03.png,real_kodim03,768x512,2.38411,54.5076476371202,cellular_automata,candidates,checkerboard_swaps,0.90221,20.62712910674684,1,candidates__real_kodim03__rep1,Checkerboard-CA-ARX,4.3739,768
46.4536,1179648,3,14491562710802891353,prefix_tree_reverse,5.81382,24.00649112013114,512,images/datasets/real/kodak/kodim03.png,real_kodim03,768x512,2.33384,9.636918452206443,cellular_automata,candidates,affine_bitplane,16.0667,66.34279886198938,1,candidates__real_kodim03__rep1,Affine-CA-PrefixTree,24.2177,768
225.905,1179648,3,11055365059605269693,multilane_tree,1.55125,31.14978604288781,512,images/datasets/real/kodak/kodim03.png,real_kodim03,768x512,2.55265,51.25834091370028,cellular_automata,candidates,checkerboard_swaps,0.87254,17.52098908226355,1,candidates__real_kodim03__rep1,Checkerboard-CA-MultilaneTree,4.97997,768
28.0816,1179648,3,2070908022816596111,stencil,4.8242,12.041895271805062,512,images/datasets/real/kodak/kodim03.png,real_kodim03,768x512,17.4132,43.4658452690593,cml,candidates,feistel_index,17.818,44.47628414100216,1,candidates__real_kodim03__rep1,CML-Feistel-Stencil,40.0618,768
9.21895,1179648,3,16180145546949705876,stencil,5.21397,4.272660225680359,512,images/datasets/real/kodak/kodim03.png,real_kodim03,768x512,99.4489,81.49478411223377,hamiltonian,candidates,block_feistel,17.3649,14.22990879366718,1,candidates__real_kodim03__rep1,Hamiltonian-Block-Stencil,122.031,768
31.9334,1179648,3,6746125944962946514,bitplane,2.0697,5.874889297636079,512,images/datasets/real/kodak/kodim03.png,real_kodim03,768x512,17.018,48.30596997978973,cml,candidates,affine_bitplane,16.139,45.8109090083339,1,candidates__real_kodim03__rep1,Affine-CML-Bitplane,35.2296,768
46.3796,1179648,3,16058514813378977378,arx_block,1.94349,8.012310203947015,768,images/datasets/real/kodak/kodim04.png,real_kodim04,512x768,4.23247,17.44895140643874,cellular_automata,candidates,feistel_index,18.0746,74.51507443427069,1,candidates__real_kodim04__rep1,CA-Feistel-ARX,24.2563,512
240.742,1179648,3,3117053718118449277,arx_block,1.05883,22.658221076170808,768,images/datasets/real/kodak/kodim04.png,real_kodim04,512x768,2.54867,54.53975455002621,cellular_automata,candidates,checkerboard_swaps,1.06233,22.733118627020897,1,candidates__real_kodim04__rep1,Checkerboard-CA-ARX,4.67305,512
41.8264,1179648,3,8891190095703184121,prefix_tree_reverse,5.91328,21.984987117474503,768,images/datasets/real/kodak/kodim04.png,real_kodim04,512x768,2.4076,8.951217426543579,cellular_automata,candidates,affine_bitplane,18.5714,69.04661875532125,1,candidates__real_kodim04__rep1,Affine-CA-PrefixTree,26.8969,512
198.343,1179648,3,18076989137414483381,multilane_tree,1.90498,33.58574327528786,768,images/datasets/real/kodak/kodim04.png,real_kodim04,512x768,2.72241,47.99744005190418,cellular_automata,candidates,checkerboard_swaps,1.04118,18.35652037468331,1,candidates__real_kodim04__rep1,Checkerboard-CA-MultilaneTree,5.67199,512
27.581,1179648,3,12799180133783388348,stencil,4.94726,12.128937039243521,768,images/datasets/real/kodak/kodim04.png,real_kodim04,512x768,17.9483,44.0029027505032,cml,candidates,feistel_index,17.8885,43.8562942369125,1,candidates__real_kodim04__rep1,CML-Feistel-Stencil,40.7889,512
8.70758,1179648,3,6668713680621765099,stencil,6.98103,5.403357637115125,768,images/datasets/real/kodak/kodim04.png,real_kodim04,512x768,103.413,80.04226071611015,hamiltonian,candidates,block_feistel,18.7971,14.549064227000418,1,candidates__real_kodim04__rep1,Hamiltonian-Block-Stencil,129.198,512
29.9571,1179648,3,12399597889150597405,bitplane,2.79196,7.434580347608891,768,images/datasets/real/kodak/kodim04.png,real_kodim04,512x768,18.3182,48.77868226033654,cml,candidates,affine_bitplane,16.4384,43.773050325267555,1,candidates__real_kodim04__rep1,Affine-CML-Bitplane,37.5537,512
48.7472,1179648,3,6954498042322341093,arx_block,1.92545,8.343118860574654,512,images/datasets/real/kodak/kodim05.png,real_kodim05,768x512,2.57712,11.166853711061906,cellular_automata,candidates,feistel_index,18.571,80.4695319845916,1,candidates__real_kodim05__rep1,CA-Feistel-ARX,23.0783,768
215.615,1179648,3,329147272346205406,arx_block,1.35447,25.959437600141058,512,images/datasets/real/kodak/kodim05.png,real_kodim05,768x512,2.77025,53.09392752278807,cellular_automata,candidates,checkerboard_swaps,1.08867,20.865180426399675,1,candidates__real_kodim05__rep1,Checkerboard-CA-ARX,5.21764,768
43.7686,1179648,3,8447728408660617105,prefix_tree_reverse,6.18582,24.066154672144542,512,images/datasets/real/kodak/kodim05.png,real_kodim05,768x512,2.49698,9.714590287666224,cellular_automata,candidates,affine_bitplane,17.0164,66.20291478948312,1,candidates__real_kodim05__rep1,Affine-CA-PrefixTree,25.7034,768
184.606,1179648,3,2951433945885406825,multilane_tree,2.08979,34.29218896402568,512,images/datasets/real/kodak/kodim05.png,real_kodim05,768x512,2.68537,44.06529626341673,cellular_automata,candidates,checkerboard_swaps,1.31534,21.583933233454815,1,candidates__real_kodim05__rep1,Checkerboard-CA-MultilaneTree,6.09407,768
28.1199,1179648,3,8242947318805138069,stencil,5.09145,12.72633425983323,512,images/datasets/real/kodak/kodim05.png,real_kodim05,768x512,17.206,43.00725869343518,cml,candidates,feistel_index,17.7044,44.25303445379832,1,candidates__real_kodim05__rep1,CML-Feistel-Stencil,40.0072,768
8.95876,1179648,3,5015796982729256934,stencil,5.26103,4.1895520605216,512,images/datasets/real/kodak/kodim05.png,real_kodim05,768x512,102.631,81.72884730240892,hamiltonian,candidates,block_feistel,17.6784,14.077961377662751,1,candidates__real_kodim05__rep1,Hamiltonian-Block-Stencil,125.575,768
30.6727,1179648,3,11447312292534639252,bitplane,2.5689,7.004021539090724,512,images/datasets/real/kodak/kodim05.png,real_kodim05,768x512,17.5612,47.880035444073336,cml,candidates,affine_bitplane,16.5417,45.100402153909066,1,candidates__real_kodim05__rep1,Affine-CML-Bitplane,36.6775,768
50.642,1179648,3,17577733343784124411,arx_block,1.33443,6.006941318400346,512,images/datasets/real/kodak/kodim06.png,real_kodim06,768x512,2.75582,12.40533338134937,cellular_automata,candidates,feistel_index,18.1209,81.57129481246736,1,candidates__real_kodim06__rep1,CA-Feistel-ARX,22.2148,768
212.801,1179648,3,5796322048496496502,arx_block,1.27368,24.092429217801854,512,images/datasets/real/kodak/kodim06.png,real_kodim06,768x512,2.97808,56.33218830864216,cellular_automata,candidates,checkerboard_swaps,1.03016,19.48610081261444,1,candidates__real_kodim06__rep1,Checkerboard-CA-ARX,5.28664,768
45.7467,1179648,3,16107739587140914069,prefix_tree_reverse,5.53147,22.492965191932335,512,images/datasets/real/kodak/kodim06.png,real_kodim06,768x512,2.399,9.755204944697462,cellular_automata,candidates,affine_bitplane,16.6584,67.7391021470397,1,candidates__real_kodim06__rep1,Affine-CA-PrefixTree,24.592,768
229.537,1179648,3,12860997283383509997,multilane_tree,1.47348,30.06378055896743,512,images/datasets/real/kodak/kodim06.png,real_kodim06,768x512,2.51146,51.24194581712975,cellular_automata,candidates,checkerboard_swaps,0.913454,18.637430169877458,1,candidates__real_kodim06__rep1,Checkerboard-CA-MultilaneTree,4.90118,768
28.9401,1179648,3,8356258400512047172,stencil,5.10453,13.131164240843354,512,images/datasets/real/kodak/kodim06.png,real_kodim06,768x512,17.2309,44.32568285768675,cml,candidates,feistel_index,16.5341,42.533197507807394,1,candidates__real_kodim06__rep1,CML-Feistel-Stencil,38.8734,768
8.82563,1179648,3,2088401855521476087,stencil,4.80139,3.766682356632933,512,images/datasets/real/kodak/kodim06.png,real_kodim06,768x512,105.037,82.40134933709894,hamiltonian,candidates,block_feistel,17.6257,13.827331921236368,1,candidates__real_kodim06__rep1,Hamiltonian-Block-Stencil,127.47,768
29.362,1179648,3,1391524656074416959,bitplane,2.72988,7.12487080710326,512,images/datasets/real/kodak/kodim06.png,real_kodim06,768x512,17.994,46.96357543299195,cml,candidates,affine_bitplane,17.5863,45.89949575620909,1,candidates__real_kodim06__rep1,Affine-CML-Bitplane,38.3148,768
52.1041,1179648,3,6239555364601440304,arx_block,1.5074,6.981483368378151,512,images/datasets/real/kodak/kodim07.png,real_kodim07,768x512,2.75807,12.773928508572858,cellular_automata,candidates,feistel_index,17.3217,80.22499698954213,1,candidates__real_kodim07__rep1,CA-Feistel-ARX,21.5914,768
273.386,1179648,3,7851116050761595795,arx_block,0.955892,23.22911452080893,512,images/datasets/real/kodak/kodim07.png,real_kodim07,768x512,2.28668,55.5685700816027,cellular_automata,candidates,checkerboard_swaps,0.859943,20.897459575316034,1,candidates__real_kodim07__rep1,Checkerboard-CA-ARX,4.11506,768
45.6434,1179648,3,1074680637244240953,prefix_tree_reverse,6.22124,25.240753663642707,512,images/datasets/real/kodak/kodim07.png,real_kodim07,768x512,2.43151,9.865098427433097,cellular_automata,candidates,affine_bitplane,15.9909,64.87812200782226,1,candidates__real_kodim07__rep1,Affine-CA-PrefixTree,24.6476,768
201.79,1179648,3,6669808274851570949,multilane_tree,2.00783,36.01417729874388,512,images/datasets/real/kodak/kodim07.png,real_kodim07,768x512,2.4152,43.32111832771013,cellular_automata,candidates,checkerboard_swaps,1.14879,20.60569208499922,1,candidates__real_kodim07__rep1,Checkerboard-CA-MultilaneTree,5.57511,768
28.1382,1179648,3,6652416572331140187,stencil,4.9884,12.476832919389816,512,images/datasets/real/kodak/kodim07.png,real_kodim07,768x512,17.8614,44.674385275116116,cml,candidates,feistel_index,17.1264,42.83602584208118,1,candidates__real_kodim07__rep1,CML-Feistel-Stencil,39.9813,768
9.6822,1179648,3,7414205727455068624,stencil,4.49737,3.870603220503817,512,images/datasets/real/kodak/kodim07.png,real_kodim07,768x512,95.3686,82.07774995051338,hamiltonian,candidates,block_feistel,16.3216,14.046973569836394,1,candidates__real_kodim07__rep1,Hamiltonian-Block-Stencil,116.193,768
30.4615,1179648,3,3791228855632118165,bitplane,2.65474,7.188203152288401,512,images/datasets/real/kodak/kodim07.png,real_kodim07,768x512,16.7088,45.242189001919755,cml,candidates,affine_bitplane,17.5637,47.556990027591326,1,candidates__real_kodim07__rep1,Affine-CML-Bitplane,36.9319,768
52.7128,1179648,3,523592567582411155,arx_block,1.25179,5.8653553305438555,512,images/datasets/real/kodak/kodim08.png,real_kodim08,768x512,3.05359,14.307823503778916,cellular_automata,candidates,feistel_index,17.0331,79.80985938590862,1,candidates__real_kodim08__rep1,CA-Feistel-ARX,21.3421,768
273.024,1179648,3,13209267639416848082,arx_block,1.00017,24.272907302961762,512,images/datasets/real/kodak/kodim08.png,real_kodim08,768x512,2.29494,55.69539766825547,cellular_automata,candidates,checkerboard_swaps,0.822315,19.95658314969955,1,candidates__real_kodim08__rep1,Checkerboard-CA-ARX,4.12052,768
44.5944,1179648,3,835639301878001045,prefix_tree_reverse,5.89966,23.385921656611462,512,images/datasets/real/kodak/kodim08.png,real_kodim08,768x512,2.47454,9.808937900853834,cellular_automata,candidates,affine_bitplane,16.8497,66.79126663865479,1,candidates__real_kodim08__rep1,Affine-CA-PrefixTree,25.2274,768
209.644,1179648,3,12984101628142975189,multilane_tree,1.84628,34.405404146284646,512,images/datasets/real/kodak/kodim08.png,real_kodim08,768x512,2.40836,44.87975774516655,cellular_automata,candidates,checkerboard_swaps,1.1081,20.649429303517355,1,candidates__real_kodim08__rep1,Checkerboard-CA-MultilaneTree,5.36625,768
27.3634,1179648,3,15043100739923468451,stencil,4.9934,12.145431902980539,512,images/datasets/real/kodak/kodim08.png,real_kodim08,768x512,17.5235,42.6223567012215,cml,candidates,feistel_index,18.5924,45.22223897804609,1,candidates__real_kodim08__rep1,CML-Feistel-Stencil,41.1134,768
8.79246,1179648,3,10023160108608625560,stencil,5.56618,4.350243452571688,512,images/datasets/real/kodak/kodim08.png,real_kodim08,768x512,103.693,81.0411798266524,hamiltonian,candidates,block_feistel,18.6871,14.604887808614237,1,candidates__real_kodim08__rep1,Hamiltonian-Block-Stencil,127.951,768
30.6003,1179648,3,14338419671889443597,bitplane,2.49236,6.77929404340624,512,images/datasets/real/kodak/kodim08.png,real_kodim08,768x512,17.9071,48.707849734661075,cml,candidates,affine_bitplane,16.3611,44.50268330962374,1,candidates__real_kodim08__rep1,Affine-CML-Bitplane,36.7643,768
53.5209,1179648,3,11109402505312458576,arx_block,1.51715,7.217718532050733,768,images/datasets/real/kodak/kodim09.png,real_kodim09,512x768,2.70541,12.870769464980636,cellular_automata,candidates,feistel_index,16.7929,79.8908648036613,1,candidates__real_kodim09__rep1,CA-Feistel-ARX,21.0198,512
249.243,1179648,3,17845359027424532971,arx_block,1.0762,23.843125438944362,768,images/datasets/real/kodak/kodim09.png,real_kodim09,512x768,2.47483,54.829661893758285,cellular_automata,candidates,checkerboard_swaps,0.959515,21.257978540744006,1,candidates__real_kodim09__rep1,Checkerboard-CA-ARX,4.51367,512
42.1246,1179648,3,3926770638654090461,prefix_tree_reverse,5.80253,21.727032744837402,768,images/datasets/real/kodak/kodim09.png,real_kodim09,512x768,3.89974,14.602212944414282,cellular_automata,candidates,affine_bitplane,16.9993,63.652294385262024,1,candidates__real_kodim09__rep1,Affine-CA-PrefixTree,26.7065,512
214.077,1179648,3,3281253767728636149,multilane_tree,1.757,33.43412411919065,768,images/datasets/real/kodak/kodim09.png,real_kodim09,512x768,2.48953,47.37350883235555,cellular_automata,candidates,checkerboard_swaps,1.0053,19.129951609005328,1,candidates__real_kodim09__rep1,Checkerboard-CA-MultilaneTree,5.25511,512
27.0396,1179648,3,5553014054309346448,stencil,4.91229,11.806771668305064,768,images/datasets/real/kodak/kodim09.png,real_kodim09,512x768,18.9891,45.64062135716981,cml,candidates,feistel_index,17.7004,42.54320922373616,1,candidates__real_kodim09__rep1,CML-Feistel-Stencil,41.6057,512
9.19248,1179648,3,14767609004304695399,stencil,4.85758,3.969162383664398,768,images/datasets/real/kodak/kodim09.png,real_kodim09,512x768,99.962,81.67964504874044,hamiltonian,candidates,block_feistel,17.5579,14.346682137224942,1,candidates__real_kodim09__rep1,Hamiltonian-Block-Stencil,122.383,512
30.2668,1179648,3,834932571514171154,bitplane,2.77081,7.454525888160993,768,images/datasets/real/kodak/kodim09.png,real_kodim09,512x768,17.6101,47.37782321527059,cml,candidates,affine_bitplane,16.7841,45.15557109996099,1,candidates__real_kodim09__rep1,Affine-CML-Bitplane,37.1695,512
51.3703,1179648,3,16482105711982498111,arx_block,1.43393,6.547685366989653,768,images/datasets/real/kodak/kodim10.png,real_kodim10,512x768,2.71772,12.409793696746089,cellular_automata,candidates,feistel_index,17.7438,81.0226577411666,1,candidates__real_kodim10__rep1,CA-Feistel-ARX,21.8998,512
266.386,1179648,3,4275055338126266493,arx_block,1.06694,25.26378101913241,768,images/datasets/real/kodak/kodim10.png,real_kodim10,512x768,2.25431,53.37919113468459,cellular_automata,candidates,checkerboard_swaps,0.899366,21.295842015533243,1,candidates__real_kodim10__rep1,Checkerboard-CA-ARX,4.2232,512
46.6479,1179648,3,17166027212707620329,prefix_tree_reverse,5.52294,22.900704485236492,768,images/datasets/real/kodak/kodim10.png,real_kodim10,512x768,2.40509,9.9726332986412,cellular_automata,candidates,affine_bitplane,16.1849,67.11020073060799,1,candidates__real_kodim10__rep1,Affine-CA-PrefixTree,24.1169,512
226.012,1179648,3,12627883851474339429,multilane_tree,1.7464,35.08511112762952,768,images/datasets/real/kodak/kodim10.png,real_kodim10,512x768,2.31008,46.40942138897985,cellular_automata,candidates,checkerboard_swaps,0.91794,18.44138050188745,1,candidates__real_kodim10__rep1,Checkerboard-CA-MultilaneTree,4.97761,512
28.2857,1179648,3,14788521014984298448,stencil,4.83157,12.147955758598235,768,images/datasets/real/kodak/kodim10.png,real_kodim10,512x768,17.5012,44.00304731637531,cml,candidates,feistel_index,17.436,43.83911577539367,1,candidates__real_kodim10__rep1,CML-Feistel-Stencil,39.7727,512
9.02396,1179648,3,14778865845691643411,stencil,4.89676,3.9278403439535396,768,images/datasets/real/kodak/kodim10.png,real_kodim10,512x768,102.429,82.16142073346808,hamiltonian,candidates,block_feistel,17.338,13.907337889434338,1,candidates__real_kodim10__rep1,Hamiltonian-Block-Stencil,124.668,512
29.5996,1179648,3,7459501464471163672,bitplane,3.17557,8.355158088051507,768,images/datasets/real/kodak/kodim10.png,real_kodim10,512x768,17.5243,46.107721411413074,cml,candidates,affine_bitplane,17.3027,45.524675522860086,1,candidates__real_kodim10__rep1,Affine-CML-Bitplane,38.0073,512
53.5469,1179648,3,455965125399087674,arx_block,1.36794,6.511023532099611,512,images/datasets/real/kodak/kodim11.png,real_kodim11,768x512,2.57907,12.275673977610237,cellular_automata,candidates,feistel_index,17.0591,81.19669103647857,1,candidates__real_kodim11__rep1,CA-Feistel-ARX,21.0096,768
262.192,1179648,3,15427045906930944816,arx_block,1.0736,25.021266678319645,512,images/datasets/real/kodak/kodim11.png,real_kodim11,768x512,2.40646,56.084833653790135,cellular_automata,candidates,checkerboard_swaps,0.801892,18.688853929965624,1,candidates__real_kodim11__rep1,Checkerboard-CA-ARX,4.29075,768
45.7403,1179648,3,6624291834820128525,prefix_tree_reverse,5.87257,23.876700521235676,512,images/datasets/real/kodak/kodim11.png,real_kodim11,768x512,2.43197,9.887905868577052,cellular_automata,candidates,affine_bitplane,16.287,66.21969961862786,1,candidates__real_kodim11__rep1,Affine-CA-PrefixTree,24.5954,768
228.765,1179648,3,13322506279219646141,multilane_tree,1.58954,32.322768117680795,512,images/datasets/real/kodak/kodim11.png,real_kodim11,768x512,2.31669,47.109121928702585,cellular_automata,candidates,checkerboard_swaps,1.008,20.49734530909712,1,candidates__real_kodim11__rep1,Checkerboard-CA-MultilaneTree,4.91771,768
28.5119,1179648,3,3239476776357018164,stencil,4.76968,12.088237381263749,512,images/datasets/real/kodak/kodim11.png,real_kodim11,768x512,17.655,44.744685380614946,cml,candidates,feistel_index,17.0292,43.15866305769289,1,candidates__real_kodim11__rep1,CML-Feistel-Stencil,39.4572,768
8.9129,1179648,3,3888970578063571919,stencil,5.48215,4.343294697395837,512,images/datasets/real/kodak/kodim11.png,real_kodim11,768x512,102.341,81.0808027190404,hamiltonian,candidates,block_feistel,18.392,14.57126785558663,1,candidates__real_kodim11__rep1,Hamiltonian-Block-Stencil,126.221,768
29.5615,1179648,3,6181338687902976321,bitplane,2.68358,7.051605121885207,512,images/datasets/real/kodak/kodim11.png,real_kodim11,768x512,18.3192,48.137102135520266,cml,candidates,affine_bitplane,17.0474,44.79521130535549,1,candidates__real_kodim11__rep1,Affine-CML-Bitplane,38.0563,768
52.6939,1179648,3,6321336801917271930,arx_block,1.3816,6.471285310800621,512,images/datasets/real/kodak/kodim12.png,real_kodim12,768x512,2.68462,12.574509243689608,cellular_automata,candidates,feistel_index,17.2795,80.93556349737935,1,candidates__real_kodim12__rep1,CA-Feistel-ARX,21.3497,768
247.682,1179648,3,7379313044839984296,arx_block,1.06464,23.43932665655389,512,images/datasets/real/kodak/kodim12.png,real_kodim12,768x512,2.55693,56.29388103766751,cellular_automata,candidates,checkerboard_swaps,0.917161,20.19239956760184,1,candidates__real_kodim12__rep1,Checkerboard-CA-ARX,4.54211,768
42.5531,1179648,3,13528751651831082689,prefix_tree_reverse,5.82443,22.030940898345158,512,images/datasets/real/kodak/kodim12.png,real_kodim12,768x512,2.99015,11.310260047281323,cellular_automata,candidates,affine_bitplane,17.6185,66.6420803782506,1,candidates__real_kodim12__rep1,Affine-CA-PrefixTree,26.4375,768
235.441,1179648,3,980024658990962337,multilane_tree,1.55828,32.61180301657294,512,images/datasets/real/kodak/kodim12.png,real_kodim12,768x512,2.26918,47.48957258589406,cellular_automata,candidates,checkerboard_swaps,0.947676,19.83303580584605,1,candidates__real_kodim12__rep1,Checkerboard-CA-MultilaneTree,4.77827,768
28.3287,1179648,3,11461577915674639340,stencil,4.96869,12.511684008017646,512,images/datasets/real/kodak/kodim12.png,real_kodim12,768x512,17.3304,43.639769945911105,cml,candidates,feistel_index,17.4097,43.83945568638511,1,candidates__real_kodim12__rep1,CML-Feistel-Stencil,39.7124,768
8.97623,1179648,3,10232811917075669683,stencil,5.29879,4.2278366884489875,512,images/datasets/real/kodak/kodim12.png,real_kodim12,768x512,101.235,80.7741101563061,hamiltonian,candidates,block_feistel,18.7921,14.993975951679952,1,candidates__real_kodim12__rep1,Hamiltonian-Block-Stencil,125.331,768
30.446,1179648,3,11869263949460140017,bitplane,2.49288,6.74650277261324,512,images/datasets/real/kodak/kodim12.png,real_kodim12,768x512,17.8917,48.42046294116215,cml,candidates,affine_bitplane,16.5439,44.77290010744046,1,candidates__real_kodim12__rep1,Affine-CML-Bitplane,36.9507,768
47.9136,1179648,3,13531509073888289637,arx_block,1.8578,7.912333154456171,512,images/datasets/real/kodak/kodim13.png,real_kodim13,768x512,2.82461,12.029957665738209,cellular_automata,candidates,feistel_index,18.7892,80.02282813311868,1,candidates__real_kodim13__rep1,CA-Feistel-ARX,23.4798,768
224.054,1179648,3,2718700931317734431,arx_block,1.44424,28.763418374459782,512,images/datasets/real/kodak/kodim13.png,real_kodim13,768x512,2.47469,49.28581386548765,cellular_automata,candidates,checkerboard_swaps,1.09865,21.880663599609647,1,candidates__real_kodim13__rep1,Checkerboard-CA-ARX,5.0211,768
44.5884,1179648,3,776120686509822221,prefix_tree_reverse,6.19653,24.559387732453988,512,images/datasets/real/kodak/kodim13.png,real_kodim13,768x512,2.49405,9.884942213485106,cellular_automata,candidates,affine_bitplane,16.5368,65.54211519254244,1,candidates__real_kodim13__rep1,Affine-CA-PrefixTree,25.2308,768
222.45,1179648,3,10466332999564409253,multilane_tree,1.68269,33.27236560075297,512,images/datasets/real/kodak/kodim13.png,real_kodim13,768x512,2.38888,47.236085515648604,cellular_automata,candidates,checkerboard_swaps,0.982334,19.42400322700561,1,candidates__real_kodim13__rep1,Checkerboard-CA-MultilaneTree,5.05732,768
28.629,1179648,3,14942822386735546343,stencil,4.46616,11.365489441619717,512,images/datasets/real/kodak/kodim13.png,real_kodim13,768x512,17.6548,44.92795667730394,cml,candidates,feistel_index,17.1711,43.69703632449269,1,candidates__real_kodim13__rep1,CML-Feistel-Stencil,39.2958,768
9.26066,1179648,3,14994236826014898960,stencil,4.82711,3.9735187105908696,512,images/datasets/real/kodak/kodim13.png,real_kodim13,768x512,98.8626,81.38045142490246,hamiltonian,candidates,block_feistel,17.7689,14.626775983273241,1,candidates__real_kodim13__rep1,Hamiltonian-Block-Stencil,121.482,768
30.3446,1179648,3,6279589623551840783,bitplane,2.34994,6.338477971203695,512,images/datasets/real/kodak/kodim13.png,real_kodim13,768x512,17.8923,48.26078512820236,cml,candidates,affine_bitplane,16.8288,45.39221345302124,1,candidates__real_kodim13__rep1,Affine-CML-Bitplane,37.0742,768
52.4828,1179648,3,8297394504921086537,arx_block,1.34538,6.276381346918211,512,images/datasets/real/kodak/kodim14.png,real_kodim14,768x512,2.65574,12.389389613540093,cellular_automata,candidates,feistel_index,17.4309,81.31752785086492,1,candidates__real_kodim14__rep1,CA-Feistel-ARX,21.4356,768
262.588,1179648,3,8446785742162869089,arx_block,1.09145,25.4756925317673,512,images/datasets/real/kodak/kodim14.png,real_kodim14,768x512,2.28365,53.303005405809145,cellular_automata,candidates,checkerboard_swaps,0.906442,21.1573940078613,1,candidates__real_kodim14__rep1,Checkerboard-CA-ARX,4.28428,768
49.579,1179648,3,1706948943851153781,prefix_tree_reverse,5.65779,24.933960892155955,512,images/datasets/real/kodak/kodim14.png,real_kodim14,768x512,2.34807,10.347977841532582,cellular_automata,candidates,affine_bitplane,14.6816,64.7020197346096,1,candidates__real_kodim14__rep1,Affine-CA-PrefixTree,22.6911,768
219.986,1179648,3,14474897654765754793,multilane_tree,1.64118,32.09209283589853,512,images/datasets/real/kodak/kodim14.png,real_kodim14,768x512,2.35301,46.01141578851655,cellular_automata,candidates,checkerboard_swaps,1.11681,21.838415164735032,1,candidates__real_kodim14__rep1,Checkerboard-CA-MultilaneTree,5.11397,768
25.6295,1179648,3,7293067261931512578,stencil,6.43695,14.66452669684495,512,images/datasets/real/kodak/kodim14.png,real_kodim14,768x512,17.8081,40.57004604200507,cml,candidates,feistel_index,19.6446,44.753922455330596,1,candidates__real_kodim14__rep1,CML-Feistel-Stencil,43.8947,768
8.96665,1179648,3,14393124603469020957,stencil,5.20385,4.14765073924999,512,images/datasets/real/kodak/kodim14.png,real_kodim14,768x512,102.178,81.43944526361933,hamiltonian,candidates,block_feistel,18.0792,14.4097557087634,1,candidates__real_kodim14__rep1,Hamiltonian-Block-Stencil,125.465,768
33.0773,1179648,3,17440857267682866467,bitplane,2.43682,7.164757491649809,512,images/datasets/real/kodak/kodim14.png,real_kodim14,768x512,17.3947,51.14403490614856,cml,candidates,affine_bitplane,14.1764,41.68156372018628,1,candidates__real_kodim14__rep1,Affine-CML-Bitplane,34.0112,768
51.4415,1179648,3,1024040943651551090,arx_block,1.45084,6.634079425684172,512,images/datasets/real/kodak/kodim15.png,real_kodim15,768x512,2.80064,12.806145545165643,cellular_automata,candidates,feistel_index,17.6133,80.53819245981848,1,candidates__real_kodim15__rep1,CA-Feistel-ARX,21.8695,768
246.514,1179648,3,16392899594577575706,arx_block,1.12509,24.653400911116805,512,images/datasets/real/kodak/kodim15.png,real_kodim15,768x512,2.45381,53.76881999636254,cellular_automata,candidates,checkerboard_swaps,0.980052,21.47527297348821,1,candidates__real_kodim15__rep1,Checkerboard-CA-ARX,4.56363,768
44.3598,1179648,3,4335354096779454869,prefix_tree_reverse,6.00416,23.674962934923187,512,images/datasets/real/kodak/kodim15.png,real_kodim15,768x512,2.49211,9.826622188574492,cellular_automata,candidates,affine_bitplane,16.8609,66.48410144790385,1,candidates__real_kodim15__rep1,Affine-CA-PrefixTree,25.3608,768
221.807,1179648,3,17255747763183960945,multilane_tree,1.6928,33.375525928730006,512,images/datasets/real/kodak/kodim15.png,real_kodim15,768x512,2.42595,47.83043308530396,cellular_automata,candidates,checkerboard_swaps,0.949382,18.71817317891632,1,candidates__real_kodim15__rep1,Checkerboard-CA-MultilaneTree,5.07198,768
28.2903,1179648,3,18440691440971487493,stencil,5.03551,12.662789001715026,512,images/datasets/real/kodak/kodim15.png,real_kodim15,768x512,17.5719,44.188029029678475,cml,candidates,feistel_index,17.1553,43.14040567114786,1,candidates__real_kodim15__rep1,CML-Feistel-Stencil,39.7662,768
9.16018,1179648,3,14624506609020163222,stencil,6.27108,5.106160535443843,512,images/datasets/real/kodak/kodim15.png,real_kodim15,768x512,98.051,79.83698926832446,hamiltonian,candidates,block_feistel,18.488,15.053658377709382,1,candidates__real_kodim15__rep1,Hamiltonian-Block-Stencil,122.814,768
29.2612,1179648,3,14321873690823450302,bitplane,2.43348,6.329473454227659,512,images/datasets/real/kodak/kodim15.png,real_kodim15,768x512,18.4757,48.05523476596231,cml,candidates,affine_bitplane,17.534,45.60587617174901,1,candidates__real_kodim15__rep1,Affine-CML-Bitplane,38.4468,768
51.6548,1179648,3,13671185117626761749,arx_block,1.34042,6.154587863649721,512,images/datasets/real/kodak/kodim16.png,real_kodim16,768x512,2.60989,11.983406185718486,cellular_automata,candidates,feistel_index,17.8252,81.84506317954747,1,candidates__real_kodim16__rep1,CA-Feistel-ARX,21.7792,768
223.822,1179648,3,15999451580966166317,arx_block,1.40729,27.99841633640516,512,images/datasets/real/kodak/kodim16.png,real_kodim16,768x512,2.51756,50.08753919368444,cellular_automata,candidates,checkerboard_swaps,1.09699,21.82491365452259,1,candidates__real_kodim16__rep1,Checkerboard-CA-ARX,5.02632,768
44.5695,1179648,3,6854097060357243605,prefix_tree_reverse,5.85071,23.17893152150229,512,images/datasets/real/kodak/kodim16.png,real_kodim16,768x512,2.54278,10.073807024146742,cellular_automata,candidates,affine_bitplane,16.8441,66.73177109125845,1,candidates__real_kodim16__rep1,Affine-CA-PrefixTree,25.2415,768
223.468,1179648,3,5753204630976499053,multilane_tree,1.63407,32.45886204184114,512,images/datasets/real/kodak/kodim16.png,real_kodim16,768x512,2.36254,46.92905440301295,cellular_automata,candidates,checkerboard_swaps,1.03455,20.55010845642277,1,candidates__real_kodim16__rep1,Checkerboard-CA-MultilaneTree,5.03428,768
26.9668,1179648,3,214502219925576047,stencil,5.94594,14.252696677693082,512,images/datasets/real/kodak/kodim16.png,real_kodim16,768x512,18.2196,43.67323457500359,cml,candidates,feistel_index,17.5483,42.06409703245601,1,candidates__real_kodim16__rep1,CML-Feistel-Stencil,41.718,768
9.49442,1179648,3,14938963472866705356,stencil,5.42889,4.5816897485885,512,images/datasets/real/kodak/kodim16.png,real_kodim16,768x512,94.6748,79.90041437746326,hamiltonian,candidates,block_feistel,18.3816,15.513076942552598,1,candidates__real_kodim16__rep1,Hamiltonian-Block-Stencil,118.491,768
32.1626,1179648,3,2625682687758613469,bitplane,2.68417,7.673771030776048,512,images/datasets/real/kodak/kodim16.png,real_kodim16,768x512,17.6034,50.326343325185476,cml,candidates,affine_bitplane,14.6863,41.98664894149263,1,candidates__real_kodim16__rep1,Affine-CML-Bitplane,34.9785,768
55.8308,1179648,3,4276144748153114271,arx_block,1.34505,6.675119849927047,768,images/datasets/real/kodak/kodim17.png,real_kodim17,512x768,2.61843,12.994560848031284,cellular_automata,candidates,feistel_index,16.1829,80.31136167382954,1,candidates__real_kodim17__rep1,CA-Feistel-ARX,20.1502,512
241.104,1179648,3,3146707821585279586,arx_block,1.06556,22.836544128520394,768,images/datasets/real/kodak/kodim17.png,real_kodim17,512x768,2.75431,59.028981811089935,cellular_automata,candidates,checkerboard_swaps,0.842974,18.066193316373877,1,candidates__real_kodim17__rep1,Checkerboard-CA-ARX,4.66603,512
47.0523,1179648,3,17392522472940650581,prefix_tree_reverse,5.51956,23.085217173090193,768,images/datasets/real/kodak/kodim17.png,real_kodim17,512x768,2.40507,10.059056023756247,cellular_automata,candidates,affine_bitplane,15.9812,66.84037725590245,1,candidates__real_kodim17__rep1,Affine-CA-PrefixTree,23.9095,512
238.748,1179648,3,1275819182183520865,multilane_tree,1.51196,32.08682346899147,768,images/datasets/real/kodak/kodim17.png,real_kodim17,512x768,2.25696,47.897217582856015,cellular_automata,candidates,checkerboard_swaps,0.939947,19.94756042435522,1,candidates__real_kodim17__rep1,Checkerboard-CA-MultilaneTree,4.71209,512
28.6791,1179648,3,11474422501721009937,stencil,4.85262,12.370549006811599,768,images/datasets/real/kodak/kodim17.png,real_kodim17,512x768,17.2514,43.97815801280744,cml,candidates,feistel_index,17.1199,43.64293143533059,1,candidates__real_kodim17__rep1,CML-Feistel-Stencil,39.2272,512
9.24319,1179648,3,12364343282331133398,stencil,5.33508,4.383400021362078,768,images/datasets/real/kodak/kodim17.png,real_kodim17,512x768,98.929,81.28188906508039,hamiltonian,candidates,block_feistel,17.4434,14.331818816705146,1,candidates__real_kodim17__rep1,Hamiltonian-Block-Stencil,121.711,512
30.485,1179648,3,734712088912122544,bitplane,2.61279,7.080079342282826,768,images/datasets/real/kodak/kodim17.png,real_kodim17,512x768,17.3875,47.11625487082491,cml,candidates,affine_bitplane,16.8996,45.79415446815199,1,candidates__real_kodim17__rep1,Affine-CML-Bitplane,36.9034,512
49.9922,1179648,3,10858710092372641915,arx_block,1.38203,6.141400226631413,768,images/datasets/real/kodak/kodim18.png,real_kodim18,512x768,3.8771,17.228875508254273,cellular_automata,candidates,feistel_index,17.2383,76.60275068322706,1,candidates__real_kodim18__rep1,CA-Feistel-ARX,22.5035,512
245.667,1179648,3,947142611828471957,arx_block,1.1517,25.149747672714803,768,images/datasets/real/kodak/kodim18.png,real_kodim18,512x768,2.43903,53.26125646104158,cellular_automata,candidates,checkerboard_swaps,0.985564,21.52182505453807,1,candidates__real_kodim18__rep1,Checkerboard-CA-ARX,4.57937,512
44.368,1179648,3,1840838771467135793,prefix_tree_reverse,6.02554,23.763670280524217,768,images/datasets/real/kodak/kodim18.png,real_kodim18,512x768,2.34899,9.264003533666454,cellular_automata,candidates,affine_bitplane,16.9774,66.9558804390265,1,candidates__real_kodim18__rep1,Affine-CA-PrefixTree,25.3561,512
182.946,1179648,3,907814766011103885,multilane_tree,2.25561,36.680521812096906,768,images/datasets/real/kodak/kodim18.png,real_kodim18,512x768,2.77002,45.045809794221825,cellular_automata,candidates,checkerboard_swaps,1.11915,18.199514094195475,1,candidates__real_kodim18__rep1,Checkerboard-CA-MultilaneTree,6.14934,512
27.4028,1179648,3,6394036384814156928,stencil,5.06843,12.345703971822616,768,images/datasets/real/kodak/kodim18.png,real_kodim18,512x768,18.1027,44.09463587160388,cml,candidates,feistel_index,17.8766,43.543900502262865,1,candidates__real_kodim18__rep1,CML-Feistel-Stencil,41.0542,512
9.24212,1179648,3,10204143168109008075,stencil,5.13743,4.220521667693572,768,images/datasets/real/kodak/kodim18.png,real_kodim18,512x768,98.769,81.1410967344424,hamiltonian,candidates,block_feistel,17.813,14.633805709591293,1,candidates__real_kodim18__rep1,Hamiltonian-Block-Stencil,121.725,512
29.7736,1179648,3,17392089295885893635,bitplane,2.75966,7.303566749856423,768,images/datasets/real/kodak/kodim18.png,real_kodim18,512x768,17.9509,47.50788009030015,cml,candidates,affine_bitplane,17.0692,45.17442060494745,1,candidates__real_kodim18__rep1,Affine-CML-Bitplane,37.7851,512
49.7678,1179648,3,9609240304117890534,arx_block,1.38815,6.14089803140898,768,images/datasets/real/kodak/kodim19.png,real_kodim19,512x768,2.67051,11.813802256138024,cellular_automata,candidates,feistel_index,18.5399,82.0168104401681,1,candidates__real_kodim19__rep1,CA-Feistel-ARX,22.605,512
225.733,1179648,3,16833158464548394165,arx_block,1.21953,24.470029716459628,768,images/datasets/real/kodak/kodim19.png,real_kodim19,512x768,2.7893,55.967671060261615,cellular_automata,candidates,checkerboard_swaps,0.971383,19.490927550829994,1,candidates__real_kodim19__rep1,Checkerboard-CA-ARX,4.98377,512
44.0433,1179648,3,18266126122581755789,prefix_tree_reverse,6.04541,23.667487501517048,768,images/datasets/real/kodak/kodim19.png,real_kodim19,512x768,2.44388,9.56767189573701,cellular_automata,candidates,affine_bitplane,17.0478,66.74131174368028,1,candidates__real_kodim19__rep1,Affine-CA-PrefixTree,25.5431,512
190.707,1179648,3,15336308580173675229,multilane_tree,2.34729,39.79071348292703,768,images/datasets/real/kodak/kodim19.png,real_kodim19,512x768,2.44554,41.45622460413385,cellular_automata,candidates,checkerboard_swaps,1.10232,18.68627195041947,1,candidates__real_kodim19__rep1,Checkerboard-CA-MultilaneTree,5.89909,512
26.9272,1179648,3,17969921010614072089,stencil,5.28781,12.656500572052256,768,images/datasets/real/kodak/kodim19.png,real_kodim19,512x768,18.502,44.28498255120944,cml,candidates,feistel_index,17.9835,43.0439403150835,1,candidates__real_kodim19__rep1,CML-Feistel-Stencil,41.7794,512
8.65248,1179648,3,4325247937607920070,stencil,5.40127,4.154152021596512,768,images/datasets/real/kodak/kodim19.png,real_kodim19,512x768,106.048,81.56220918159374,hamiltonian,candidates,block_feistel,18.5665,14.279616369663364,1,candidates__real_kodim19__rep1,Hamiltonian-Block-Stencil,130.021,512
29.623,1179648,3,12992199802604011429,bitplane,2.68075,7.0588219804988785,768,images/datasets/real/kodak/kodim19.png,real_kodim19,512x768,18.0203,47.450187348758334,cml,candidates,affine_bitplane,17.2708,45.47663999283783,1,candidates__real_kodim19__rep1,Affine-CML-Bitplane,37.9773,512
51.1561,1179648,3,6235607379244375387,arx_block,1.4742,6.703499079189687,512,images/datasets/real/kodak/kodim20.png,real_kodim20,768x512,2.82249,12.834458768160427,cellular_automata,candidates,feistel_index,17.6907,80.44335311370303,1,candidates__real_kodim20__rep1,CA-Feistel-ARX,21.9915,768
247.639,1179648,3,12773465236469699447,arx_block,1.20003,26.415505514098918,512,images/datasets/real/kodak/kodim20.png,real_kodim20,768x512,2.43738,53.65251271214422,cellular_automata,candidates,checkerboard_swaps,0.902637,19.86918047942944,1,candidates__real_kodim20__rep1,Checkerboard-CA-ARX,4.5429,768
43.7926,1179648,3,12875593945639980865,prefix_tree_reverse,6.46049,25.148563798935744,512,images/datasets/real/kodak/kodim20.png,real_kodim20,768x512,2.43675,9.485466711821655,cellular_automata,candidates,affine_bitplane,16.7883,65.35133304527565,1,candidates__real_kodim20__rep1,Affine-CA-PrefixTree,25.6893,768
221.531,1179648,3,15129349876269470893,multilane_tree,1.61256,31.753995931701418,512,images/datasets/real/kodak/kodim20.png,real_kodim20,768x512,2.43769,48.002181836799394,cellular_automata,candidates,checkerboard_swaps,1.0251,20.18592872797733,1,candidates__real_kodim20__rep1,Checkerboard-CA-MultilaneTree,5.07829,768
29.0295,1179648,3,6134469202396602071,stencil,4.48278,11.567360019817462,512,images/datasets/real/kodak/kodim20.png,real_kodim20,768x512,17.6347,45.50455827443572,cml,candidates,feistel_index,16.6212,42.88932411614891,1,candidates__real_kodim20__rep1,CML-Feistel-Stencil,38.7537,768
9.42865,1179648,3,11605857278221082152,stencil,4.91214,4.1168819195923465,512,images/datasets/real/kodak/kodim20.png,real_kodim20,768x512,95.6125,80.13317465239656,hamiltonian,candidates,block_feistel,18.7883,15.746540727641493,1,candidates__real_kodim20__rep1,Hamiltonian-Block-Stencil,119.317,768
29.7161,1179648,3,12888202587422508077,bitplane,2.70457,7.143928808213786,512,images/datasets/real/kodak/kodim20.png,real_kodim20,768x512,18.2129,48.10807669652362,cml,candidates,affine_bitplane,16.9373,44.738670251965885,1,candidates__real_kodim20__rep1,Affine-CML-Bitplane,37.8583,768
53.9435,1179648,3,5396995439579973057,arx_block,1.26487,6.065010165330469,512,images/datasets/real/kodak/kodim21.png,real_kodim21,768x512,2.77623,13.311931796386512,cellular_automata,candidates,feistel_index,16.8099,80.60291917603283,1,candidates__real_kodim21__rep1,CA-Feistel-ARX,20.8552,768
276.16,1179648,3,16566181913447837511,arx_block,0.978988,24.03179403591803,512,images/datasets/real/kodak/kodim21.png,real_kodim21,768x512,2.26926,55.704859440511385,cellular_automata,candidates,checkerboard_swaps,0.797989,19.5887051638306,1,candidates__real_kodim21__rep1,Checkerboard-CA-ARX,4.07372,768
45.0769,1179648,3,5825817500460543645,prefix_tree_reverse,5.94953,23.8388367331402,512,images/datasets/real/kodak/kodim21.png,real_kodim21,768x512,2.5307,10.14011932380506,cellular_automata,candidates,affine_bitplane,16.4729,66.00433540487153,1,candidates__real_kodim21__rep1,Affine-CA-PrefixTree,24.9573,768
207.586,1179648,3,2076230499341426905,multilane_tree,1.93315,35.670659699157106,512,images/datasets/real/kodak/kodim21.png,real_kodim21,768x512,2.40085,44.30070265562494,cellular_automata,candidates,checkerboard_swaps,1.08152,19.956305448533428,1,candidates__real_kodim21__rep1,Checkerboard-CA-MultilaneTree,5.41944,768
29.0625,1179648,3,12124808905417893405,stencil,4.85001,12.52918519130864,512,images/datasets/real/kodak/kodim21.png,real_kodim21,768x512,17.1134,44.209590877738655,cml,candidates,feistel_index,16.7424,43.251174770148054,1,candidates__real_kodim21__rep1,CML-Feistel-Stencil,38.7097,768
9.75318,1179648,3,13579917935998367030,stencil,5.10836,4.428689085975361,512,images/datasets/real/kodak/kodim21.png,real_kodim21,768x512,93.0733,80.68983155175255,hamiltonian,candidates,block_feistel,17.1609,14.877630107415019,1,candidates__real_kodim21__rep1,Hamiltonian-Block-Stencil,115.347,768
31.629,1179648,3,3437305141458451825,bitplane,2.57614,7.242736571020507,512,images/datasets/real/kodak/kodim21.png,real_kodim21,768x512,17.0095,47.82167417328767,cml,candidates,affine_bitplane,15.9801,44.92754845566032,1,candidates__real_kodim21__rep1,Affine-CML-Bitplane,35.5686,768
52.5763,1179648,3,4086070782198012860,arx_block,1.33599,6.243673326323168,512,images/datasets/real/kodak/kodim22.png,real_kodim22,768x512,2.90453,13.574155859329359,cellular_automata,candidates,feistel_index,17.1533,80.16497254352144,1,candidates__real_kodim22__rep1,CA-Feistel-ARX,21.3975,768
252.018,1179648,3,14695354446310514186,arx_block,1.02818,23.032860883921714,512,images/datasets/real/kodak/kodim22.png,real_kodim22,768x512,2.46851,55.29853471237487,cellular_automata,candidates,checkerboard_swaps,0.964403,21.604155045844845,1,candidates__real_kodim22__rep1,Checkerboard-CA-ARX,4.46397,768
46.1868,1179648,3,8223377605339953525,prefix_tree_reverse,5.93232,24.35510887772194,512,images/datasets/real/kodak/kodim22.png,real_kodim22,768x512,2.4253,9.957056524452327,cellular_automata,candidates,affine_bitplane,15.9966,65.67395802542123,1,candidates__real_kodim22__rep1,Affine-CA-PrefixTree,24.3576,768
194.169,1179648,3,10447565767035888693,multilane_tree,2.47344,42.69026841930852,512,images/datasets/real/kodak/kodim22.png,real_kodim22,768x512,2.37377,40.970016845244665,cellular_automata,candidates,checkerboard_swaps,0.943378,16.2822061747487,1,candidates__real_kodim22__rep1,Checkerboard-CA-MultilaneTree,5.79392,768
25.9515,1179648,3,341208408089154824,stencil,5.41787,12.497912351038748,512,images/datasets/real/kodak/kodim22.png,real_kodim22,768x512,18.4769,42.62241004655111,cml,candidates,feistel_index,19.4512,44.86991986196142,1,candidates__real_kodim22__rep1,CML-Feistel-Stencil,43.3502,768
8.56946,1179648,3,3977998674730566359,stencil,5.29421,4.032762035344302,512,images/datasets/real/kodak/kodim22.png,real_kodim22,768x512,107.584,81.95003046922608,hamiltonian,candidates,block_feistel,18.3975,14.013939670932357,1,candidates__real_kodim22__rep1,Hamiltonian-Block-Stencil,131.28,768
28.0079,1179648,3,8895934611421262819,bitplane,2.89851,7.216111653289251,512,images/datasets/real/kodak/kodim22.png,real_kodim22,768x512,19.7607,49.196110259116885,cml,candidates,affine_bitplane,17.5042,43.57834252823199,1,candidates__real_kodim22__rep1,Affine-CML-Bitplane,40.1672,768
52.9796,1179648,3,9441733467437535295,arx_block,1.28709,6.0612867678223274,512,images/datasets/real/kodak/kodim23.png,real_kodim23,768x512,2.61874,12.332419730063197,cellular_automata,candidates,feistel_index,17.322,81.57441157356389,1,candidates__real_kodim23__rep1,CA-Feistel-ARX,21.2346,768
257.394,1179648,3,8386605582355211573,arx_block,1.10506,25.28319067981779,512,images/datasets/real/kodak/kodim23.png,real_kodim23,768x512,2.38595,54.589279136437156,cellular_automata,candidates,checkerboard_swaps,0.876644,20.057152924111076,1,candidates__real_kodim23__rep1,Checkerboard-CA-ARX,4.37073,768
45.4626,1179648,3,16698376101869933385,prefix_tree_reverse,5.6421,22.8004170438381,512,images/datasets/real/kodak/kodim23.png,real_kodim23,768x512,2.48857,10.056616125695074,cellular_automata,candidates,affine_bitplane,16.6117,67.129914004914,1,candidates__real_kodim23__rep1,Affine-CA-PrefixTree,24.7456,768
225.699,1179648,3,2332147100729563761,multilane_tree,1.67532,33.61052540771309,512,images/datasets/real/kodak/kodim23.png,real_kodim23,768x512,2.33423,46.82967834350818,cellular_automata,candidates,checkerboard_swaps,0.972037,19.50115457687917,1,candidates__real_kodim23__rep1,Checkerboard-CA-MultilaneTree,4.98451,768
28.1984,1179648,3,6940968376628080023,stencil,5.2032,13.04197434316394,512,images/datasets/real/kodak/kodim23.png,real_kodim23,768x512,17.6187,44.16179146677094,cml,candidates,feistel_index,17.0688,42.78345088956732,1,candidates__real_kodim23__rep1,CML-Feistel-Stencil,39.8958,768
9.80715,1179648,3,12327045205154094764,stencil,4.77785,4.1650829904456375,512,images/datasets/real/kodak/kodim23.png,real_kodim23,768x512,93.4477,81.46288095404142,hamiltonian,candidates,block_feistel,16.4825,14.368592649417673,1,candidates__real_kodim23__rep1,Hamiltonian-Block-Stencil,114.712,768
32.3676,1179648,3,3964903907458222757,bitplane,2.21305,6.367206605863568,512,images/datasets/real/kodak/kodim23.png,real_kodim23,768x512,16.9491,48.76456541128406,cml,candidates,affine_bitplane,15.5919,44.8597404839313,1,candidates__real_kodim23__rep1,Affine-CML-Bitplane,34.757,768
53.0797,1179648,3,3612729437244991852,arx_block,1.38143,6.517870202175092,512,images/datasets/real/kodak/kodim24.png,real_kodim24,768x512,2.60391,12.28578168864564,cellular_automata,candidates,feistel_index,17.2051,81.17719219608861,1,candidates__real_kodim24__rep1,CA-Feistel-ARX,21.1945,768
245.727,1179648,3,17301561711902373564,arx_block,1.0602,23.157319936657025,512,images/datasets/real/kodak/kodim24.png,real_kodim24,768x512,2.57057,56.14743624747448,cellular_automata,candidates,checkerboard_swaps,0.944533,20.630874242341505,1,candidates__real_kodim24__rep1,Checkerboard-CA-ARX,4.57825,768
46.1105,1179648,3,4284637605403976689,prefix_tree_reverse,5.82126,23.85967644756311,512,images/datasets/real/kodak/kodim24.png,real_kodim24,768x512,2.40359,9.851626574418288,cellular_automata,candidates,affine_bitplane,16.1499,66.19381176248774,1,candidates__real_kodim24__rep1,Affine-CA-PrefixTree,24.3979,768
201.848,1179648,3,6024005233620264977,multilane_tree,1.81015,32.47773844489379,512,images/datasets/real/kodak/kodim24.png,real_kodim24,768x512,2.7174,48.75563154995685,cellular_automata,candidates,checkerboard_swaps,1.04121,18.681405433918663,1,candidates__real_kodim24__rep1,Checkerboard-CA-MultilaneTree,5.57351,768
28.6185,1179648,3,5590024359531801281,stencil,4.63277,11.785160085677507,512,images/datasets/real/kodak/kodim24.png,real_kodim24,768x512,17.9896,45.763186145071764,cml,candidates,feistel_index,16.6838,42.441401977095005,1,candidates__real_kodim24__rep1,CML-Feistel-Stencil,39.3102,768
9.40979,1179648,3,4787026727805533046,stencil,4.93175,4.125054367827629,512,images/datasets/real/kodak/kodim24.png,real_kodim24,768x512,97.1764,81.28107330456021,hamiltonian,candidates,block_feistel,17.4427,14.58956472280772,1,candidates__real_kodim24__rep1,Hamiltonian-Block-Stencil,119.556,768
30.4865,1179648,3,8956883979196965699,bitplane,2.45749,6.659575736553428,512,images/datasets/real/kodak/kodim24.png,real_kodim24,768x512,17.3069,46.90013441151603,cml,candidates,affine_bitplane,17.1329,46.42861014156568,1,candidates__real_kodim24__rep1,Affine-CML-Bitplane,36.9016,768
